# device: DFS-X 100N 0000009261 3.07 (pre-tare, resting)
# horizon: fixed horizon, 25 s
t_s,force_N,latency_ms
0.000000,-0.1600,16.427
0.010691,-0.1600,4.946
0.015665,-0.1600,5.000
0.020689,-0.1600,5.044
0.025688,-0.1600,4.949
0.030641,-0.1600,4.953
0.035637,-0.1600,5.030
0.040628,-0.1600,4.947
0.045624,-0.1600,5.041
0.050651,-0.1600,5.008
0.055662,-0.1600,5.004
0.060675,-0.1600,4.978
0.065638,-0.1400,4.945
0.070613,-0.1400,5.001
0.075625,-0.1400,5.020
0.080662,-0.1400,5.049
0.085643,-0.1600,4.881
0.097111,-0.1600,18.051
0.108654,-0.1400,5.029
0.113731,-0.1600,5.121
0.118710,-0.1400,4.828
0.123617,-0.1400,4.952
0.128596,-0.1400,5.006
0.133589,-0.1400,4.973
0.138591,-0.1200,5.025
0.143577,-0.1400,4.943
0.148557,-0.1400,5.013
0.153601,-0.1200,5.030
0.158614,-0.1200,4.993
0.163570,-0.1200,4.916
0.168533,-0.1400,5.004
0.173571,-0.1200,5.067
0.178612,-0.1400,5.010
0.190073,-0.1400,17.906
0.201623,-0.1400,5.190
0.206654,-0.1400,4.867
0.211570,-0.1400,4.922
0.216536,-0.1400,5.006
0.221542,-0.1400,4.999
0.226550,-0.1400,5.011
0.231574,-0.1600,5.033
0.236560,-0.1600,4.935
0.241535,-0.1600,5.009
0.246541,-0.1600,5.000
0.251540,-0.1600,4.993
0.256545,-0.1600,4.971
0.261530,-0.1600,4.998
0.266503,-0.1600,4.945
0.271504,-0.1600,5.050
0.283030,-0.1600,17.998
0.294525,-0.1600,4.988
0.299501,-0.1600,4.953
0.304480,-0.1600,4.999
0.309495,-0.1800,5.027
0.314512,-0.1800,5.002
0.319499,-0.1800,4.966
0.324512,-0.1600,5.056
0.329528,-0.1600,4.972
0.334499,-0.1800,4.964
0.339498,-0.1800,5.028
0.344512,-0.1800,4.997
0.349527,-0.1800,5.026
0.354542,-0.1600,4.889
0.359485,-0.1600,4.995
0.364565,-0.1600,5.122
0.375549,-0.1600,16.832
0.386451,-0.1600,4.967
0.391475,-0.1600,5.078
0.396477,-0.1600,4.921
0.401413,-0.1600,4.947
0.406415,-0.1600,5.053
0.411430,-0.1600,4.973
0.416936,-0.1600,6.036
0.422418,-0.1600,4.925
0.427397,-0.1600,5.028
0.432415,-0.1600,5.005
0.437388,-0.1600,4.936
0.442377,-0.1600,4.990
0.447397,-0.1600,5.043
0.452417,-0.1600,4.989
0.457395,-0.1400,4.935
0.468383,-0.1400,17.036
0.479401,-0.1400,4.995
0.484404,-0.1400,5.007
0.489412,-0.1400,4.975
0.494401,-0.1200,4.999
0.499368,-0.1200,4.934
0.504337,-0.1200,4.972
0.509338,-0.1400,5.022
0.514372,-0.1400,5.043
0.519358,-0.1400,4.920
0.524344,-0.1400,5.050
0.529344,-0.1400,4.945
0.534324,-0.1400,5.000
0.539352,-0.1400,5.049
0.544389,-0.1400,5.021
0.549371,-0.1400,4.939
0.554359,-0.1400,4.994
0.565846,-0.1200,17.978
0.577331,-0.1200,4.988
0.582330,-0.1200,5.006
0.587334,-0.1200,4.996
0.592313,-0.1200,4.958
0.597298,-0.1200,5.005
0.602310,-0.1200,5.012
0.607305,-0.1200,4.978
0.612308,-0.1200,5.020
0.617300,-0.1200,4.960
0.622300,-0.1200,5.037
0.627327,-0.1200,5.006
0.632321,-0.1200,4.980
0.637286,-0.1400,4.944
0.642278,-0.1400,5.034
0.647288,-0.1400,4.983
0.658762,-0.1400,17.959
0.670246,-0.1400,5.004
0.675270,-0.1400,5.038
0.680271,-0.1400,4.959
0.685300,-0.1400,5.092
0.690315,-0.1400,4.933
0.695268,-0.1200,4.968
0.700229,-0.1200,4.951
0.705220,-0.1200,5.025
0.710234,-0.1200,4.998
0.715238,-0.1400,5.008
0.720236,-0.1200,4.982
0.725253,-0.1400,5.049
0.730261,-0.1200,4.965
0.735254,-0.1200,5.014
0.740256,-0.1200,4.982
0.751239,-0.1200,16.977
0.762256,-0.1200,5.051
0.767233,-0.1000,4.897
0.772186,-0.1200,5.004
0.777197,-0.1200,5.010
0.782191,-0.1200,4.973
0.787229,-0.1200,5.092
0.792246,-0.1400,4.932
0.797206,-0.1200,4.982
0.802191,-0.1200,4.982
0.807183,-0.1200,4.996
0.812180,-0.1200,4.996
0.817210,-0.1200,5.059
0.822228,-0.1000,4.926
0.827190,-0.1000,4.995
0.832191,-0.1000,5.004
0.843694,-0.1000,17.995
0.855177,-0.1000,4.963
0.860177,-0.1200,5.031
0.865224,-0.1400,5.053
0.870209,-0.1400,4.910
0.875170,-0.1400,5.008
0.880144,-0.1200,4.938
0.885154,-0.1200,5.077
0.890190,-0.1200,4.948
0.895143,-0.1200,4.952
0.900146,-0.1400,5.050
0.905141,-0.1400,4.936
0.910109,-0.1400,4.997
0.915125,-0.1400,5.031
0.920150,-0.1400,5.015
0.925150,-0.1600,4.981
0.930167,-0.1600,5.048
0.941136,-0.1600,16.883
0.952111,-0.1600,5.059
0.957130,-0.1400,4.976
0.962098,-0.1600,4.955
0.967093,-0.1600,5.032
0.972610,-0.1400,5.996
0.978108,-0.1400,4.998
0.983089,-0.1400,4.961
0.988077,-0.1400,5.009
0.993069,-0.1400,4.972
0.998066,-0.1400,5.012
1.003065,-0.1400,4.978
1.008045,-0.1400,4.978
1.013040,-0.1400,5.007
1.018050,-0.1400,5.010
1.023072,-0.1200,5.029
1.034073,-0.1400,16.931
1.045055,-0.1200,5.030
1.050078,-0.1200,5.012
1.055089,-0.1200,5.002
1.060073,-0.1200,4.919
1.065074,-0.1400,5.080
1.070080,-0.1400,4.928
1.075079,-0.1400,5.068
1.080096,-0.1400,4.962
1.085047,-0.1400,4.932
1.090033,-0.1400,5.035
1.095048,-0.1400,4.991
1.100045,-0.1400,4.999
1.105028,-0.1400,4.963
1.110013,-0.1400,5.003
1.115039,-0.1400,5.045
1.126575,-0.1400,17.989
1.138044,-0.1400,4.941
1.143101,-0.1400,5.168
1.148106,-0.1400,4.838
1.153022,-0.1400,4.985
1.158018,-0.1400,5.005
1.163006,-0.1200,4.960
1.167996,-0.1200,5.015
1.172997,-0.1400,4.979
1.177996,-0.1400,5.015
1.183002,-0.1400,4.992
1.187995,-0.1400,4.992
1.192980,-0.1400,4.973
1.197989,-0.1400,4.999
1.203000,-0.1600,4.980
1.207988,-0.1400,4.992
1.219450,-0.1400,17.928
1.230961,-0.1400,5.087
1.235972,-0.1600,4.930
1.240950,-0.1600,5.021
1.245992,-0.1600,5.055
1.250974,-0.1400,4.903
1.255934,-0.1600,5.012
1.260933,-0.1600,4.984
1.265944,-0.1600,5.031
1.270949,-0.1400,4.975
1.275949,-0.1400,5.021
1.280968,-0.1600,4.960
1.285944,-0.1600,4.988
1.290941,-0.1600,5.000
1.295942,-0.1400,5.000
1.300940,-0.1400,4.993
1.311936,-0.1600,16.994
1.322919,-0.1600,4.964
1.327906,-0.1600,5.006
1.332920,-0.1600,5.018
1.337911,-0.1600,4.960
1.342904,-0.1600,4.984
1.348412,-0.1600,6.018
1.353921,-0.1600,4.994
1.358911,-0.1600,4.981
1.363890,-0.1600,4.973
1.378456,-0.1600,24.151
1.399115,-0.1400,17.156
1.412020,-0.1400,8.645
1.418830,-0.1400,4.964
1.423850,-0.1400,5.069
1.428888,-0.1400,4.969
1.433873,-0.1400,4.996
1.438854,-0.1400,4.962
1.443860,-0.1400,5.041
1.448881,-0.1600,4.996
1.453855,-0.1600,4.947
1.458843,-0.1600,5.023
1.463832,-0.1600,4.950
1.468834,-0.1600,5.045
1.473834,-0.1600,4.946
1.478801,-0.1600,4.984
1.483793,-0.1600,4.995
1.488788,-0.1600,4.989
1.500300,-0.1400,18.031
1.511817,-0.1400,4.998
1.516890,-0.1400,5.143
1.521877,-0.1400,4.821
1.526792,-0.1400,5.004
1.531780,-0.1400,4.965
1.536783,-0.1400,5.035
1.541800,-0.1600,4.995
1.546780,-0.1400,4.962
1.551777,-0.1400,5.025
1.556790,-0.1600,4.998
1.561794,-0.1600,5.005
1.566797,-0.1600,4.997
1.571794,-0.1400,4.991
1.576789,-0.1400,4.939
1.581760,-0.1600,4.997
1.593262,-0.1400,18.002
1.604759,-0.1400,4.985
1.609749,-0.1400,4.994
1.614732,-0.1400,4.966
1.619738,-0.1400,5.004
1.624736,-0.1400,4.989
1.629732,-0.1400,4.966
1.634732,-0.1400,5.029
1.639733,-0.1400,4.970
1.644716,-0.1600,4.985
1.649734,-0.1600,5.048
1.654725,-0.1600,4.929
1.659703,-0.1600,5.024
1.664715,-0.1600,4.997
1.669678,-0.1600,4.926
1.674672,-0.1600,5.056
1.679697,-0.1600,4.991
1.690702,-0.1600,17.017
1.701672,-0.1600,4.915
1.706655,-0.1600,5.044
1.712180,-0.1600,5.965
1.717664,-0.1600,4.961
1.722673,-0.1600,5.052
1.727672,-0.1600,4.936
1.732644,-0.1600,5.005
1.737680,-0.1600,5.030
1.742676,-0.1600,4.917
1.747692,-0.1600,5.111
1.752703,-0.1600,4.905
1.757653,-0.1600,4.991
1.762646,-0.1600,4.991
1.767653,-0.1600,5.021
1.772665,-0.1600,4.947
1.783638,-0.1600,16.996
1.794647,-0.1600,5.015
1.799646,-0.1600,4.976
1.804622,-0.1600,4.972
1.809610,-0.1600,4.999
1.814599,-0.1600,4.968
1.819588,-0.1400,4.999
1.824617,-0.1400,5.053
1.829624,-0.1400,4.955
1.834603,-0.1400,4.997
1.839612,-0.1400,4.984
1.844625,-0.1400,5.035
1.850097,-0.1400,5.905
1.855554,-0.1400,5.006
1.860572,-0.1400,5.024
1.865592,-0.1400,5.012
1.876601,-0.1400,17.001
1.887569,-0.1400,4.932
1.892554,-0.1400,5.034
1.897575,-0.1400,5.006
1.902584,-0.1400,4.970
1.907573,-0.1600,5.005
1.912573,-0.1600,4.992
1.917569,-0.1600,4.999
1.922571,-0.1600,4.999
1.927535,-0.1600,4.926
1.932539,-0.1600,5.078
1.937585,-0.1600,4.976
1.942540,-0.1600,4.930
1.947512,-0.1600,5.004
1.952537,-0.1600,5.039
1.957547,-0.1600,4.975
1.969039,-0.1600,18.008
1.980538,-0.1600,4.950
1.985526,-0.1600,5.019
1.990528,-0.1400,4.982
1.995511,-0.1400,4.979
2.000491,-0.1600,4.980
2.005507,-0.1600,5.045
2.010546,-0.1600,5.028
2.015522,-0.1600,4.920
2.020498,-0.1800,5.029
2.025514,-0.1800,4.999
2.030518,-0.1800,5.004
2.035518,-0.1800,4.994
2.040490,-0.2000,4.947
2.045476,-0.2000,5.020
2.050507,-0.1800,5.037
2.062024,-0.2000,17.992
2.073543,-0.1800,5.001
2.078531,-0.1800,4.972
2.083496,-0.1600,4.953
2.088493,-0.1600,4.995
2.093495,-0.1600,5.005
2.098500,-0.1600,5.001
2.103508,-0.1600,5.008
2.108510,-0.1600,4.992
2.113509,-0.1600,5.004
2.118510,-0.1600,4.995
2.123509,-0.1600,4.997
2.128465,-0.1600,4.912
2.133425,-0.1400,5.005
2.138467,-0.1400,5.075
2.143504,-0.1400,4.993
2.148471,-0.1400,4.937
2.159472,-0.1400,17.061
2.170961,-0.1600,5.910
2.176417,-0.1600,5.002
2.181414,-0.1400,4.988
2.186395,-0.1400,4.968
2.191388,-0.1400,5.012
2.196439,-0.1400,5.044
2.201443,-0.1400,4.960
2.206393,-0.1200,4.933
2.211374,-0.1200,4.985
2.216378,-0.1200,5.018
2.221393,-0.1000,5.010
2.226419,-0.1200,5.036
2.231400,-0.1200,4.924
2.236377,-0.1400,5.025
2.241392,-0.1400,5.001
2.252364,-0.1400,16.942
2.263348,-0.1400,5.020
2.268375,-0.1400,5.025
2.273370,-0.1400,4.954
2.278368,-0.1400,5.037
2.283376,-0.1400,4.974
2.288404,-0.1400,5.077
2.293397,-0.1400,4.901
2.298842,-0.1400,5.943
2.304327,-0.1400,4.980
2.309349,-0.1400,5.022
2.314335,-0.1400,4.948
2.319351,-0.1400,5.030
2.324345,-0.1600,4.950
2.329318,-0.1600,4.993
2.334309,-0.1600,4.985
2.345307,-0.1600,16.998
2.356288,-0.1600,4.956
2.361291,-0.1600,5.047
2.366289,-0.1600,4.945
2.371277,-0.1600,5.026
2.376290,-0.1600,4.996
2.381315,-0.1600,5.051
2.386304,-0.1600,4.922
2.391269,-0.1600,5.005
2.396272,-0.1800,4.999
2.401260,-0.1800,4.973
2.406225,-0.1800,4.954
2.411220,-0.1800,5.031
2.416241,-0.1600,5.007
2.421724,-0.1600,5.953
2.427222,-0.1600,5.039
2.438237,-0.1600,16.990
2.449239,-0.1600,5.009
2.454257,-0.1600,4.982
2.459259,-0.1600,5.018
2.464264,-0.1600,4.945
2.469240,-0.1600,5.002
2.474211,-0.1600,4.935
2.479209,-0.1800,5.060
2.484230,-0.1800,4.977
2.489210,-0.1800,4.981
2.494213,-0.1800,5.021
2.499222,-0.1800,4.993
2.504220,-0.1800,4.999
2.509185,-0.1800,4.929
2.514184,-0.1600,5.027
2.519186,-0.1600,4.973
2.530664,-0.1600,17.980
2.542185,-0.1600,5.055
2.547186,-0.1600,4.942
2.552162,-0.1600,5.003
2.557180,-0.1400,5.028
2.562203,-0.1600,5.011
2.567188,-0.1600,4.954
2.572129,-0.1600,4.921
2.577107,-0.1600,5.030
2.582134,-0.1600,5.017
2.587151,-0.1600,5.011
2.592160,-0.1600,5.002
2.597157,-0.1400,4.991
2.602143,-0.1400,4.975
2.607145,-0.1400,5.024
2.612151,-0.1400,4.983
2.617156,-0.1400,5.023
2.628666,-0.1400,17.991
2.640166,-0.1400,4.970
2.645144,-0.1400,4.982
2.650138,-0.1400,5.000
2.655117,-0.1400,4.952
2.660101,-0.1400,5.014
2.665111,-0.1400,4.999
2.670113,-0.1400,4.992
2.675105,-0.1400,4.992
2.680083,-0.1400,4.959
2.685086,-0.1400,5.043
2.690102,-0.1400,4.975
2.695076,-0.1400,4.966
2.700058,-0.1400,4.991
2.705072,-0.1400,5.031
2.710079,-0.1600,4.977
2.721061,-0.1600,16.983
2.732571,-0.1600,6.030
2.738058,-0.1600,4.938
2.743029,-0.1600,4.998
2.748046,-0.1600,5.033
2.753037,-0.1600,4.943
2.758018,-0.1600,5.014
2.763028,-0.1600,4.955
2.768020,-0.1600,5.026
2.773038,-0.1600,5.003
2.778048,-0.1600,5.011
2.783027,-0.1800,4.943
2.788010,-0.1800,5.016
2.793025,-0.1800,5.011
2.798031,-0.1800,4.997
2.803017,-0.1800,4.971
2.814020,-0.1800,17.031
2.825524,-0.1800,5.971
2.830997,-0.1800,4.974
2.836005,-0.1800,5.037
2.841016,-0.1600,4.979
2.845990,-0.1600,4.965
2.850974,-0.1600,4.999
2.855985,-0.1800,5.017
2.860989,-0.1800,4.989
2.865969,-0.1800,4.967
2.871002,-0.1600,5.094
2.876003,-0.1600,4.902
2.880977,-0.1800,5.003
2.885967,-0.1600,4.934
2.890938,-0.1600,5.003
2.895965,-0.1600,5.047
2.906948,-0.1400,16.916
2.917912,-0.1400,4.999
2.922917,-0.1400,5.007
2.927932,-0.1400,5.017
2.932947,-0.1400,5.009
2.937957,-0.1400,5.006
2.942947,-0.1600,4.970
2.947938,-0.1600,5.007
2.952932,-0.1600,4.977
2.957890,-0.1600,4.933
2.962913,-0.1400,5.109
2.967930,-0.1400,4.920
2.972895,-0.1400,5.005
2.978392,-0.1600,5.985
2.983894,-0.1600,5.014
2.988918,-0.1600,5.027
2.999898,-0.1600,16.923
3.010860,-0.1600,4.996
3.015861,-0.1400,4.963
3.020874,-0.1400,5.022
3.025874,-0.1400,4.973
3.030878,-0.1400,5.025
3.035882,-0.1400,4.975
3.040870,-0.1400,4.991
3.045848,-0.1400,4.961
3.050826,-0.1400,4.994
3.055833,-0.1600,5.004
3.060821,-0.1600,4.968
3.065823,-0.1600,5.033
3.070840,-0.1600,4.997
3.075829,-0.1600,4.976
3.080833,-0.1600,5.029
3.085835,-0.1600,4.970
3.097330,-0.1600,18.016
3.108834,-0.1600,4.985
3.113844,-0.1600,5.034
3.118840,-0.1600,4.953
3.123817,-0.1600,4.997
3.128828,-0.1400,5.017
3.133801,-0.1400,4.923
3.138772,-0.1400,4.975
3.143788,-0.1400,5.006
3.148779,-0.1400,4.973
3.153783,-0.1200,5.026
3.158780,-0.1000,4.961
3.163778,-0.1000,5.032
3.168783,-0.1200,4.971
3.173769,-0.1200,4.998
3.178768,-0.1200,4.995
3.190259,-0.1200,17.983
3.201760,-0.1400,5.012
3.206776,-0.1400,4.971
3.211777,-0.1400,5.027
3.216766,-0.1200,4.948
3.221742,-0.1400,5.002
3.226714,-0.1400,4.937
3.231696,-0.1400,5.024
3.236700,-0.1400,4.977
3.241706,-0.1200,4.992
3.246705,-0.1200,5.003
3.251670,-0.1200,4.920
3.256663,-0.1200,5.064
3.261694,-0.1200,4.992
3.266681,-0.1400,4.970
3.271673,-0.1400,5.008
3.291422,-0.1400,34.482
3.310904,-0.1400,4.470
3.315619,-0.1600,4.954
3.320644,-0.1600,5.088
3.325659,-0.1400,4.934
3.330665,-0.1600,5.073
3.335668,-0.1600,4.928
3.340634,-0.1600,4.996
3.345613,-0.1600,4.959
3.350621,-0.1600,5.052
3.355635,-0.1600,4.969
3.360620,-0.1600,4.998
3.365597,-0.1600,4.950
3.377095,-0.1600,18.040
3.388632,-0.1600,4.995
3.393623,-0.1800,4.980
3.398600,-0.1600,4.972
3.403594,-0.1600,5.010
3.408605,-0.1600,5.006
3.413606,-0.1600,4.994
3.418584,-0.1600,4.956
3.423569,-0.1600,5.011
3.428574,-0.1600,4.998
3.433593,-0.1600,4.993
3.438582,-0.1800,4.979
3.443541,-0.1600,4.930
3.448536,-0.1600,5.056
3.453570,-0.1600,5.007
3.458579,-0.1600,5.009
3.469580,-0.1600,16.989
3.480570,-0.1600,4.947
3.485539,-0.1600,4.987
3.490536,-0.1800,5.005
3.495538,-0.1600,4.996
3.501026,-0.1600,5.977
3.506557,-0.1800,5.079
3.511597,-0.1800,4.996
3.516592,-0.1800,4.992
3.521554,-0.1800,4.926
3.526557,-0.1800,5.073
3.531543,-0.1800,4.894
3.536517,-0.1800,5.049
3.541527,-0.1800,4.965
3.546490,-0.1600,4.957
3.551493,-0.1600,5.041
3.562521,-0.1600,17.007
3.573522,-0.1600,4.988
3.578505,-0.1800,4.976
3.583486,-0.1800,4.981
3.588500,-0.1800,5.041
3.593519,-0.1800,4.994
3.598503,-0.1800,4.972
3.603504,-0.1800,5.024
3.608509,-0.1800,4.981
3.613490,-0.1800,4.976
3.618489,-0.1800,5.018
3.623484,-0.1800,4.970
3.628502,-0.1800,5.062
3.633542,-0.1800,4.973
3.638529,-0.1800,4.954
3.643517,-0.1800,5.018
3.648517,-0.1600,4.978
3.659987,-0.1600,17.958
3.671510,-0.1600,5.083
3.676520,-0.1600,4.931
3.681509,-0.1600,5.043
3.686520,-0.1600,4.975
3.691479,-0.1600,4.939
3.696478,-0.1600,5.053
3.701519,-0.1600,5.023
3.706495,-0.1600,4.922
3.711482,-0.1600,5.007
3.716467,-0.1600,4.919
3.721455,-0.1600,5.052
3.726455,-0.1600,4.940
3.731476,-0.1800,5.069
3.736460,-0.1800,4.895
3.741421,-0.1800,4.992
3.752926,-0.1600,17.979
3.764422,-0.1600,5.006
3.769427,-0.1600,4.991
3.774420,-0.1600,4.992
3.779396,-0.1800,4.957
3.784383,-0.1800,5.011
3.789407,-0.1800,5.030
3.794413,-0.1800,4.981
3.799402,-0.1800,4.994
3.804397,-0.1800,4.991
3.809388,-0.1800,4.988
3.814398,-0.1800,5.020
3.819388,-0.1800,4.953
3.824350,-0.1800,4.968
3.829357,-0.1800,5.042
3.834362,-0.1800,4.961
3.845845,-0.1600,18.000
3.857356,-0.1800,5.016
3.862368,-0.1600,5.004
3.867344,-0.1600,4.944
3.872341,-0.1800,5.001
3.877344,-0.1800,5.002
3.882354,-0.1600,5.016
3.887336,-0.1600,4.944
3.892329,-0.1600,5.034
3.897359,-0.1600,5.021
3.902332,-0.1600,4.919
3.907317,-0.1600,5.047
3.912335,-0.1600,4.985
3.917321,-0.1600,4.983
3.922318,-0.1600,5.006
3.927322,-0.1600,4.997
3.938782,-0.1600,17.914
3.950264,-0.1600,5.042
3.955286,-0.1600,4.997
3.960285,-0.1400,4.998
3.965267,-0.1600,4.959
3.970281,-0.1400,5.063
3.975295,-0.1400,4.960
3.980273,-0.1400,4.991
3.985281,-0.1400,5.020
3.990292,-0.1400,4.995
3.995275,-0.1400,4.969
4.000274,-0.1400,5.024
4.005288,-0.1400,5.001
4.010283,-0.1400,4.985
4.015290,-0.1600,5.024
4.020301,-0.1600,4.994
4.031286,-0.1600,16.971
4.042276,-0.1400,5.006
4.047747,-0.1400,5.928
4.053251,-0.1400,5.073
4.058291,-0.1400,5.004
4.063297,-0.1400,5.003
4.068264,-0.1600,4.926
4.073239,-0.1400,5.022
4.078275,-0.1400,5.008
4.083251,-0.1600,4.943
4.088214,-0.1600,4.978
4.093205,-0.1600,5.000
4.098241,-0.1600,5.067
4.103245,-0.1600,4.934
4.108227,-0.1600,5.024
4.113231,-0.1600,4.979
4.118246,-0.1600,5.012
4.129214,-0.1600,16.920
4.140181,-0.1600,5.008
4.145205,-0.1600,5.034
4.150220,-0.1600,4.994
4.155219,-0.1600,4.996
4.160219,-0.1600,5.001
4.165220,-0.1600,4.999
4.170210,-0.1600,4.974
4.175718,-0.1600,6.039
4.181209,-0.1600,4.938
4.186184,-0.1400,5.000
4.191185,-0.1400,4.998
4.196184,-0.1400,4.995
4.201192,-0.1400,5.014
4.206186,-0.1400,4.969
4.211161,-0.1400,4.977
4.222133,-0.1400,16.960
4.233135,-0.1400,5.038
4.238165,-0.1400,5.017
4.243173,-0.1400,4.997
4.248171,-0.1400,4.998
4.253157,-0.1400,4.967
4.258146,-0.1400,5.001
4.263155,-0.1200,5.014
4.268167,-0.1200,5.005
4.273155,-0.1200,4.967
4.278155,-0.1200,5.029
4.283156,-0.1200,4.970
4.288142,-0.1200,4.997
4.293138,-0.1200,4.990
4.298137,-0.1400,5.004
4.303143,-0.1400,5.003
4.314660,-0.1400,18.027
4.326152,-0.1400,4.909
4.331112,-0.1400,5.008
4.336104,-0.1400,4.971
4.341114,-0.1400,5.046
4.346105,-0.1400,4.931
4.351099,-0.1400,5.053
4.356110,-0.1400,4.966
4.361097,-0.1400,5.004
4.366097,-0.1600,4.994
4.371096,-0.1600,4.996
4.376095,-0.1400,4.999
4.381063,-0.1400,4.936
4.386066,-0.1600,5.063
4.391096,-0.1600,4.994
4.396107,-0.1400,5.022
4.407583,-0.1400,17.924
4.419049,-0.1400,5.004
4.424057,-0.1400,5.005
4.429110,-0.1400,5.097
4.434139,-0.1400,4.956
4.439096,-0.1400,4.951
4.444052,-0.1600,4.957
4.449054,-0.1600,5.000
4.454063,-0.1600,5.013
4.459035,-0.1600,4.927
4.464025,-0.1600,5.050
4.469048,-0.1600,4.992
4.474030,-0.1600,4.969
4.479052,-0.1600,5.071
4.484070,-0.1400,4.959
4.489024,-0.1400,4.946
4.500017,-0.1400,17.033
4.511032,-0.1400,4.959
4.516001,-0.1400,4.974
4.521006,-0.1400,5.031
4.526008,-0.1400,4.971
4.530996,-0.1400,5.001
4.535996,-0.1400,4.993
4.541009,-0.1400,5.026
4.545990,-0.1400,4.894
4.550977,-0.1400,5.069
4.556017,-0.1400,5.004
4.561020,-0.1400,4.954
4.566486,-0.1400,5.976
4.571969,-0.1400,4.978
4.576964,-0.1400,5.008
4.581969,-0.1400,4.997
4.586970,-0.1600,4.997
4.597955,-0.1400,16.966
4.608964,-0.1600,5.050
4.613955,-0.1400,4.928
4.618933,-0.1400,5.021
4.623950,-0.1400,5.009
4.628933,-0.1400,4.953
4.633915,-0.1400,5.005
4.638934,-0.1400,5.027
4.644000,-0.1600,5.103
4.648991,-0.1600,4.876
4.653937,-0.1600,5.012
4.658916,-0.1600,4.943
4.663906,-0.1600,5.034
4.668932,-0.1600,5.013
4.673918,-0.1600,4.957
4.678938,-0.1600,5.041
4.690418,-0.1600,17.912
4.701854,-0.1600,4.954
4.706839,-0.1600,5.011
4.711837,-0.1600,4.980
4.716833,-0.1600,5.007
4.721851,-0.1600,5.024
4.726856,-0.1800,4.946
4.731838,-0.1600,5.015
4.736881,-0.1600,5.067
4.741905,-0.1600,4.939
4.746887,-0.1600,5.013
4.751879,-0.1600,4.963
4.756853,-0.1600,4.977
4.761878,-0.1600,5.029
4.766881,-0.1600,4.972
4.771845,-0.1600,4.952
4.783334,-0.1600,18.021
4.794842,-0.1600,4.982
4.799836,-0.1600,5.001
4.804828,-0.1600,4.979
4.809852,-0.1600,5.065
4.814856,-0.1600,4.939
4.819814,-0.1800,4.970
4.824801,-0.1600,5.000
4.829802,-0.1600,4.996
4.834786,-0.1600,4.968
4.839770,-0.1600,4.995
4.844764,-0.1600,4.987
4.849777,-0.1600,5.033
4.854798,-0.1600,5.002
4.859832,-0.1600,5.064
4.864852,-0.1600,4.971
4.876347,-0.1600,17.971
4.887822,-0.1600,4.973
4.892829,-0.1600,5.036
4.897856,-0.1600,5.015
4.902833,-0.1600,4.926
4.907776,-0.1600,4.960
4.912761,-0.1600,5.005
4.917782,-0.1600,5.032
4.922811,-0.1600,5.016
4.927820,-0.1600,4.996
4.932810,-0.1600,4.982
4.937782,-0.1600,4.958
4.942776,-0.1600,5.024
4.947796,-0.1600,5.006
4.952782,-0.1600,4.916
4.957765,-0.1800,5.048
4.969262,-0.1800,17.941
4.980764,-0.1800,5.057
4.985752,-0.1800,4.915
4.990738,-0.1800,5.054
4.995762,-0.1800,4.989
5.000762,-0.1600,5.007
5.005778,-0.1600,4.976
5.010727,-0.1600,4.920
5.015710,-0.1600,5.041
5.020708,-0.1600,4.951
5.025702,-0.1600,5.028
5.030760,-0.1600,5.056
5.035761,-0.1600,4.942
5.040730,-0.1600,4.994
5.045728,-0.1600,4.961
5.050685,-0.1400,4.947
5.055673,-0.1400,5.024
5.066675,-0.1600,16.973
5.077676,-0.1600,5.023
5.083166,-0.1600,5.954
5.088655,-0.1600,5.016
5.093654,-0.1600,4.982
5.098648,-0.1600,4.998
5.103629,-0.1800,4.959
5.108627,-0.1600,5.031
5.113644,-0.1600,4.959
5.118659,-0.1600,5.064
5.123667,-0.1600,4.938
5.128653,-0.1600,5.032
5.133670,-0.1600,4.997
5.138672,-0.1600,5.001
5.143647,-0.1600,4.945
5.148640,-0.1400,4.994
5.159626,-0.1400,16.972
5.170610,-0.1400,4.989
5.175807,-0.1400,5.398
5.193543,-0.1400,30.067
5.211322,-0.1400,5.481
5.216562,-0.1400,4.992
5.221548,-0.1400,4.974
5.226568,-0.1400,5.060
5.231578,-0.1400,4.956
5.236558,-0.1400,4.997
5.241580,-0.1400,5.041
5.252602,-0.1400,16.999
5.263590,-0.1400,4.927
5.268572,-0.1400,4.992
5.273551,-0.1400,4.964
5.278564,-0.1400,5.049
5.283580,-0.1400,4.978
5.288584,-0.1400,5.023
5.293570,-0.1400,4.945
5.298526,-0.1600,4.961
5.304026,-0.1600,6.033
5.309543,-0.1600,4.997
5.314523,-0.1600,4.959
5.319523,-0.1600,5.025
5.324513,-0.1600,4.951
5.329509,-0.1600,5.037
5.334534,-0.1600,5.007
5.345504,-0.1600,16.929
5.356504,-0.1600,5.065
5.361546,-0.1600,4.972
5.366525,-0.1600,4.983
5.371511,-0.1600,4.983
5.376506,-0.1600,5.001
5.381496,-0.1600,4.976
5.386534,-0.1600,5.053
5.391523,-0.1600,4.922
5.396539,-0.1600,5.063
5.401535,-0.1600,4.890
5.406482,-0.1600,5.001
5.411509,-0.1600,5.050
5.416526,-0.1600,4.982
5.422019,-0.1600,5.998
5.427518,-0.1600,4.998
5.438519,-0.1600,17.001
5.449487,-0.1600,4.929
5.454487,-0.1600,5.066
5.459520,-0.1600,4.998
5.464505,-0.1600,4.967
5.469504,-0.1600,5.026
5.474509,-0.1600,4.978
5.479512,-0.1600,5.023
5.484535,-0.1600,5.017
5.489554,-0.1600,4.975
5.494533,-0.1600,4.979
5.499510,-0.1600,4.972
5.504504,-0.1600,5.010
5.509506,-0.1600,4.992
5.514459,-0.1600,4.911
5.519420,-0.1600,5.005
5.530924,-0.1600,17.998
5.542417,-0.1600,4.984
5.547385,-0.1600,4.947
5.552377,-0.1600,5.032
5.557389,-0.1600,4.984
5.562366,-0.1600,4.959
5.567350,-0.1600,5.002
5.572345,-0.1400,4.981
5.577374,-0.1400,5.072
5.582381,-0.1600,4.937
5.587363,-0.1600,5.020
5.592368,-0.1600,4.976
5.597369,-0.1600,5.021
5.602372,-0.1600,4.980
5.607378,-0.1600,5.029
5.612376,-0.1600,4.963
5.617359,-0.1600,5.000
5.628842,-0.1800,17.959
5.640326,-0.1600,5.005
5.645354,-0.1600,5.049
5.650355,-0.1600,4.949
5.655338,-0.1600,5.011
5.660346,-0.1600,5.001
5.665344,-0.1600,4.993
5.670348,-0.1800,5.011
5.675351,-0.1800,4.989
5.680345,-0.1800,4.996
5.685320,-0.1800,4.946
5.690301,-0.1800,5.003
5.695331,-0.1800,5.050
5.700345,-0.1600,4.963
5.705309,-0.1600,4.954
5.710291,-0.1600,5.007
5.721284,-0.1600,16.973
5.732791,-0.1600,6.034
5.738301,-0.1600,4.979
5.743270,-0.1600,4.956
5.748271,-0.1600,5.040
5.753274,-0.1600,4.959
5.758272,-0.1400,5.033
5.763289,-0.1400,4.991
5.768301,-0.1400,5.026
5.773293,-0.1400,4.950
5.778298,-0.1400,5.052
5.783292,-0.1400,4.930
5.788270,-0.1400,5.018
5.793278,-0.1200,4.994
5.798261,-0.1000,4.970
5.803244,-0.1000,4.991
5.814234,-0.1000,16.985
5.825244,-0.1000,5.029
5.830264,-0.1000,5.005
5.835313,-0.1000,5.088
5.840311,-0.1000,4.830
5.845237,-0.0000,5.020
5.850245,-0.0000,4.988
5.855232,-0.0000,4.982
5.860212,-0.0000,4.974
5.865227,-0.0000,5.052
5.870229,-0.0000,4.916
5.875203,-0.0000,5.026
5.880217,-0.1000,4.999
5.885213,-0.1000,4.989
5.890212,-0.1000,5.007
5.895212,-0.1000,4.990
5.906183,-0.0000,16.949
5.917146,-0.0000,4.973
5.922175,-0.0000,5.041
5.926697,-0.0000,3.999
5.931173,-0.0000,4.949
5.936144,-0.0000,4.988
5.941160,-0.0000,5.039
5.946177,-0.0000,4.991
5.951158,-0.0000,4.963
5.956174,-0.0000,5.064
5.961189,-0.0000,4.960
5.966151,-0.0000,4.958
5.971144,-0.0000,5.022
5.976127,-0.0000,4.941
5.980594,-0.0000,3.991
5.985111,-0.0000,5.037
5.990143,-0.0000,5.022
6.001133,-0.0000,16.955
6.012105,-0.0000,4.945
6.017103,-0.0000,5.047
6.022104,-0.0000,4.951
6.027095,-0.0000,5.025
6.032112,-0.0000,5.004
6.037116,-0.0000,5.001
6.042120,-0.0000,5.004
6.047114,-0.0000,4.978
6.052097,-0.0000,4.973
6.056596,-0.0000,4.022
6.061113,-0.0000,5.006
6.066104,-0.0000,4.973
6.071079,-0.0000,4.974
6.076088,-0.1000,5.038
6.081100,-0.1000,4.982
6.086066,-0.1000,4.942
6.097051,-0.1000,17.025
6.108071,-0.1200,5.009
6.113103,-0.1200,5.051
6.118609,-0.1200,5.923
6.124071,-0.1200,4.997
6.129195,-0.1400,5.250
6.134166,-0.1400,4.683
6.139021,-0.1400,4.981
6.144011,-0.1400,4.992
6.149012,-0.1600,5.007
6.154014,-0.1400,4.991
6.159008,-0.1400,4.993
6.164019,-0.1400,5.021
6.169044,-0.1400,5.021
6.174029,-0.1400,4.943
6.179002,-0.1400,5.000
6.190021,-0.1400,17.029
6.201013,-0.1400,4.946
6.206006,-0.1400,4.998
6.211010,-0.1400,5.005
6.216016,-0.1400,5.003
6.220990,-0.1400,4.941
6.225958,-0.1400,4.991
6.230970,-0.1200,5.028
6.235958,-0.1200,4.944
6.240938,-0.1200,5.009
6.245949,-0.1200,5.001
6.250949,-0.1200,4.993
6.255974,-0.1200,5.054
6.261004,-0.1200,5.001
6.265989,-0.1200,4.968
6.271486,-0.1200,6.021
6.282984,-0.1200,16.972
6.293972,-0.1000,4.998
6.298954,-0.1200,4.961
6.303951,-0.1000,5.027
6.308960,-0.1200,4.984
6.313928,-0.1000,4.952
6.318912,-0.1000,5.009
6.323940,-0.1000,5.014
6.328924,-0.1000,4.948
6.333926,-0.1000,5.051
6.338932,-0.1200,4.956
6.343900,-0.1200,4.977
6.348918,-0.1200,5.055
6.353947,-0.1200,4.997
6.358950,-0.1200,5.005
6.363924,-0.1400,4.942
6.375409,-0.1400,18.023
6.386926,-0.1400,5.005
6.391897,-0.1400,4.933
6.396869,-0.1400,5.004
6.401895,-0.1600,5.042
6.406932,-0.1600,5.030
6.411951,-0.1600,5.003
6.416919,-0.1600,4.928
6.421878,-0.1600,4.977
6.426864,-0.1600,4.992
6.431865,-0.1600,5.008
6.436856,-0.1600,4.962
6.441858,-0.1400,5.039
6.446877,-0.1400,4.996
6.451859,-0.1400,4.964
6.456839,-0.1600,4.989
6.461873,-0.1600,5.074
6.472860,-0.1600,16.866
6.483822,-0.1600,5.056
6.488853,-0.1600,4.998
6.493850,-0.1600,4.993
6.498852,-0.1600,5.010
6.504345,-0.1600,5.969
6.509822,-0.1600,4.980
6.514797,-0.1600,4.968
6.519797,-0.1600,5.027
6.524812,-0.1600,5.000
6.529799,-0.1600,4.973
6.534791,-0.1600,4.997
6.539810,-0.1600,5.036
6.544828,-0.1600,4.998
6.549799,-0.1800,4.939
6.554767,-0.1800,4.992
6.565784,-0.1800,17.035
6.576792,-0.1600,4.975
6.581784,-0.1600,5.003
6.586774,-0.1600,4.971
6.591748,-0.1600,4.972
6.596738,-0.1600,5.006
6.602253,-0.1600,6.018
6.607765,-0.1600,5.003
6.612791,-0.1800,5.043
6.617783,-0.1800,4.935
6.622734,-0.1800,4.963
6.627731,-0.1800,5.028
6.632733,-0.1800,4.971
6.637736,-0.1800,5.031
6.642748,-0.1800,4.990
6.647759,-0.1800,5.026
6.658770,-0.1800,16.993
6.669769,-0.1800,5.000
6.674769,-0.1800,4.991
6.679756,-0.1800,4.975
6.684735,-0.1800,4.939
6.689723,-0.1800,5.032
6.695272,-0.1800,5.830
6.700665,-0.1800,4.941
6.705645,-0.1800,5.016
6.710654,-0.1800,4.999
6.715645,-0.1800,4.979
6.720651,-0.1800,5.028
6.725668,-0.1600,5.000
6.730668,-0.1600,4.997
6.735674,-0.1600,4.999
6.740673,-0.1600,4.995
6.751672,-0.1600,16.998
6.762655,-0.1600,4.963
6.767657,-0.1600,5.033
6.772674,-0.1600,4.998
6.777674,-0.1600,5.000
6.782662,-0.1600,4.972
6.787649,-0.1600,4.996
6.792630,-0.1400,4.954
6.797612,-0.1400,5.006
6.802630,-0.1400,5.024
6.807642,-0.1400,4.995
6.812648,-0.1400,5.012
6.817633,-0.1400,4.955
6.822622,-0.1400,4.978
6.828155,-0.1400,6.085
6.833661,-0.1400,4.921
6.844628,-0.1400,17.007
6.855624,-0.1400,4.978
6.860595,-0.1400,4.957
6.877397,-0.1400,28.640
6.893905,-0.1600,4.367
6.898576,-0.1600,4.970
6.903574,-0.1600,5.017
6.908585,-0.1800,4.999
6.913580,-0.1800,4.987
6.918591,-0.1800,5.028
6.923575,-0.1800,4.935
6.928612,-0.1800,5.135
6.940113,-0.1800,17.859
6.951544,-0.1800,4.995
6.956531,-0.1800,4.973
6.961518,-0.1800,4.994
6.966515,-0.1800,4.997
6.971532,-0.2000,5.031
6.976527,-0.2000,4.956
6.981504,-0.2000,4.991
6.986519,-0.2000,5.033
6.991521,-0.2000,4.966
6.996513,-0.2000,5.015
7.001531,-0.2000,5.017
7.006532,-0.1800,4.979
7.011512,-0.1800,4.973
7.016498,-0.1800,4.991
7.021519,-0.1800,5.047
7.032527,-0.1800,16.964
7.044001,-0.1600,5.976
7.049482,-0.1600,4.984
7.054481,-0.1600,5.007
7.059507,-0.1800,5.039
7.064526,-0.1600,4.994
7.069503,-0.1600,4.956
7.074503,-0.1600,4.997
7.079502,-0.1600,4.997
7.084498,-0.1600,4.989
7.089501,-0.1600,5.012
7.094509,-0.1600,5.000
7.099486,-0.1600,4.950
7.104520,-0.1600,5.074
7.109542,-0.1600,4.957
7.114496,-0.1600,4.946
7.125497,-0.1600,17.050
7.136524,-0.1400,4.999
7.141491,-0.1600,4.892
7.146482,-0.1600,5.085
7.151526,-0.1600,4.998
7.156525,-0.1600,4.995
7.161482,-0.1600,4.915
7.166438,-0.1600,4.991
7.171910,-0.1400,5.949
7.177387,-0.1400,5.001
7.182416,-0.1400,5.051
7.187447,-0.1600,4.962
7.192410,-0.1600,4.962
7.197393,-0.1600,5.001
7.202407,-0.1600,5.023
7.207406,-0.1600,4.971
7.212414,-0.1600,5.039
7.223420,-0.1600,16.967
7.234405,-0.1600,4.996
7.239385,-0.1600,4.962
7.244388,-0.1600,5.037
7.249405,-0.1600,4.993
7.254372,-0.1600,4.935
7.259362,-0.1600,5.038
7.264398,-0.1600,5.032
7.269404,-0.1400,4.933
7.274366,-0.1400,4.986
7.279357,-0.1400,4.992
7.284356,-0.1400,4.999
7.289333,-0.1400,4.947
7.294346,-0.1600,5.069
7.299884,-0.1600,6.004
7.305353,-0.1600,4.928
7.321838,-0.1600,28.037
7.338354,-0.1600,4.988
7.343345,-0.1800,4.990
7.348356,-0.1600,5.030
7.353381,-0.1600,4.976
7.358360,-0.1600,4.980
7.363335,-0.1600,4.965
7.368824,-0.1600,6.009
7.374325,-0.1800,4.988
7.379325,-0.1800,5.009
7.384322,-0.1600,4.981
7.389302,-0.1800,4.975
7.394306,-0.1800,5.030
7.399329,-0.1800,5.008
7.410338,-0.1800,17.006
7.421312,-0.1800,4.935
7.426296,-0.1800,4.989
7.431302,-0.1800,5.018
7.436336,-0.1800,5.044
7.441333,-0.1800,4.915
7.446281,-0.1800,4.980
7.451260,-0.1800,4.971
7.456284,-0.1800,5.073
7.461294,-0.1800,4.943
7.466288,-0.1600,5.041
7.471293,-0.1600,4.964
7.476776,-0.1600,5.997
7.482279,-0.1800,5.005
7.487251,-0.1600,4.934
7.492241,-0.1600,5.041
7.503241,-0.1600,16.954
7.514230,-0.1600,4.979
7.519222,-0.1400,4.997
7.524254,-0.1400,5.024
7.529242,-0.1400,4.947
7.534205,-0.1400,4.970
7.539217,-0.1400,5.046
7.544229,-0.1400,4.975
7.549187,-0.1400,4.937
7.554170,-0.1400,5.021
7.559185,-0.1400,5.004
7.564175,-0.1400,4.972
7.569197,-0.1400,5.064
7.574219,-0.1400,4.978
7.579220,-0.1400,5.017
7.584215,-0.1400,4.967
7.595681,-0.1400,17.962
7.607190,-0.1400,5.051
7.612214,-0.1400,4.993
7.617193,-0.1400,4.960
7.622182,-0.1400,4.975
7.627177,-0.1400,5.008
7.632175,-0.1400,4.986
7.637154,-0.1600,4.966
7.642127,-0.1600,4.977
7.647156,-0.1600,5.078
7.652176,-0.1600,4.956
7.657156,-0.1600,4.998
7.662140,-0.1400,4.970
7.667139,-0.1600,5.010
7.672159,-0.1600,5.028
7.677162,-0.1600,4.975
7.688633,-0.1600,17.962
7.700101,-0.1600,4.968
7.705101,-0.1600,5.026
7.710116,-0.1600,5.000
7.715094,-0.1600,4.953
7.720098,-0.1600,5.047
7.725150,-0.1600,5.052
7.730183,-0.1600,4.973
7.735138,-0.1600,4.928
7.740103,-0.1600,4.997
7.745088,-0.1400,4.969
7.750072,-0.1600,4.994
7.755079,-0.1400,5.014
7.760078,-0.1600,4.980
7.765097,-0.1400,5.046
7.770112,-0.1400,4.979
7.781087,-0.1400,16.967
7.792096,-0.1400,5.045
7.797114,-0.1400,4.986
7.802110,-0.1400,4.964
7.807105,-0.1400,5.021
7.812580,-0.1400,5.926
7.818057,-0.1400,5.023
7.823056,-0.1400,4.972
7.828064,-0.1400,5.040
7.833080,-0.1400,4.987
7.838059,-0.1400,4.967
7.843043,-0.1400,4.995
7.848063,-0.1400,5.030
7.853072,-0.1400,4.985
7.858054,-0.1400,4.976
7.863033,-0.1400,4.977
7.868045,-0.1400,5.003
7.879077,-0.1400,17.058
7.890097,-0.1400,4.942
7.895044,-0.1400,4.950
7.900036,-0.1600,5.027
7.905043,-0.1600,4.984
7.910037,-0.1600,5.002
7.915039,-0.1600,4.997
7.920025,-0.1600,4.972
7.925013,-0.1600,4.999
7.930013,-0.1600,4.997
7.935018,-0.1600,5.007
7.940024,-0.1600,5.000
7.945012,-0.1600,4.973
7.950003,-0.1600,5.004
7.955484,-0.1600,5.953
7.960952,-0.1600,4.980
7.971955,-0.1600,17.019
7.982984,-0.1600,5.036
7.988001,-0.1600,4.990
7.992983,-0.1600,4.971
7.997980,-0.1600,5.019
8.002983,-0.1400,4.983
8.007986,-0.1400,5.020
8.013001,-0.1600,4.968
8.017981,-0.1600,4.990
8.022941,-0.1600,4.926
8.027940,-0.1600,5.069
8.032964,-0.1600,4.975
8.037988,-0.1400,5.069
8.042995,-0.1400,4.941
8.047954,-0.1400,4.976
8.052932,-0.1400,4.975
8.064433,-0.1400,18.022
8.075927,-0.1400,4.960
8.080895,-0.1400,4.971
8.085887,-0.1400,5.007
8.090910,-0.1400,5.035
8.095905,-0.1400,4.951
8.100881,-0.1400,4.994
8.105887,-0.1400,5.014
8.110929,-0.1400,5.067
8.115946,-0.1400,4.960
8.120939,-0.1400,5.020
8.125939,-0.1400,4.913
8.130871,-0.1400,4.945
8.135860,-0.1400,5.027
8.140886,-0.1400,5.021
8.145879,-0.1400,4.962
8.157355,-0.1400,17.986
8.168845,-0.1400,4.988
8.173829,-0.1400,4.973
8.178850,-0.1600,5.064
8.183874,-0.1600,4.978
8.188850,-0.1600,4.973
8.193838,-0.1400,4.994
8.198825,-0.1400,4.953
8.203788,-0.1400,4.967
8.208817,-0.1600,5.087
8.213838,-0.1400,4.952
8.218826,-0.1600,4.981
8.223820,-0.1600,5.001
8.228822,-0.1600,5.000
8.233820,-0.1600,4.985
8.238782,-0.1600,4.936
8.243783,-0.1600,5.060
8.254807,-0.1600,16.983
8.265805,-0.1600,5.002
8.270787,-0.1400,4.955
8.275811,-0.1400,5.089
8.280828,-0.1400,4.944
8.285768,-0.1400,4.933
8.291251,-0.1400,6.026
8.296779,-0.1400,5.027
8.301785,-0.1400,4.952
8.306743,-0.1400,4.959
8.311740,-0.1400,5.033
8.316738,-0.1400,4.956
8.321740,-0.1400,5.005
8.326745,-0.1400,5.000
8.331719,-0.1400,4.944
8.336718,-0.1400,5.047
8.347748,-0.1400,17.009
8.358719,-0.1400,4.898
8.363673,-0.1400,5.007
8.368697,-0.1400,5.036
8.373715,-0.1600,4.998
8.378707,-0.1600,4.981
8.383705,-0.1600,5.012
8.388713,-0.1600,4.998
8.393684,-0.1600,4.941
8.398699,-0.1600,5.047
8.403710,-0.1600,4.970
8.422873,-0.1600,33.351
8.443682,-0.1600,8.256
8.451898,-0.1600,8.169
8.457560,-0.1600,3.146
8.461753,-0.1600,5.233
8.466736,-0.1600,4.725
8.471640,-0.1600,5.075
8.476654,-0.1600,4.948
8.481640,-0.1600,5.019
8.486675,-0.1600,5.047
8.492179,-0.1600,5.923
8.497620,-0.1600,4.957
8.502610,-0.1600,5.018
8.507621,-0.1600,5.000
8.512625,-0.1400,5.003
8.517615,-0.1400,4.974
8.522602,-0.1400,4.992
8.533580,-0.1400,16.963
8.544592,-0.1400,5.055
8.549590,-0.1400,4.937
8.554588,-0.1400,5.020
8.559642,-0.1400,5.082
8.564627,-0.1400,4.883
8.569594,-0.1400,5.047
8.574588,-0.1400,4.937
8.579546,-0.1400,4.976
8.584547,-0.1400,5.020
8.589552,-0.1400,4.985
8.594608,-0.1600,5.125
8.599632,-0.1600,4.915
8.604592,-0.1400,4.966
8.609578,-0.1600,5.000
8.614585,-0.1600,5.011
8.626111,-0.1600,18.035
8.637571,-0.1600,4.880
8.642530,-0.1600,5.032
8.647534,-0.1400,4.971
8.652535,-0.1600,5.026
8.657534,-0.1600,4.963
8.662519,-0.1600,5.000
8.667513,-0.1600,4.985
8.672516,-0.1600,5.017
8.677525,-0.1600,4.996
8.682506,-0.1400,4.964
8.687489,-0.1400,4.997
8.692474,-0.1400,4.962
8.697480,-0.1400,5.037
8.702476,-0.1400,4.952
8.707469,-0.1400,5.029
8.718983,-0.1400,17.995
8.730494,-0.1400,5.021
8.735491,-0.1400,4.964
8.740475,-0.1400,5.002
8.745484,-0.1400,5.012
8.750501,-0.1400,5.015
8.755512,-0.1400,5.000
8.760516,-0.1400,5.002
8.765474,-0.1400,4.904
8.770467,-0.1400,5.076
8.775535,-0.1400,5.055
8.780482,-0.1400,4.832
8.785459,-0.1200,5.117
8.790475,-0.1200,4.912
8.795433,-0.1200,4.996
8.800431,-0.1200,4.995
8.805428,-0.1200,4.994
8.816398,-0.1200,16.943
8.827399,-0.1200,5.052
8.832436,-0.1200,5.019
8.837416,-0.1200,4.938
8.842409,-0.1200,5.040
8.847402,-0.1200,4.944
8.852370,-0.1000,4.987
8.857373,-0.1200,4.976
8.862367,-0.1200,5.005
8.867387,-0.1200,5.029
8.872395,-0.1200,4.983
8.877387,-0.1400,4.998
8.882379,-0.1400,4.983
8.887400,-0.1400,5.053
8.892432,-0.1400,4.970
8.897906,-0.1400,5.975
8.909364,-0.1600,16.933
8.920349,-0.1400,5.031
8.925375,-0.1600,5.016
8.930356,-0.1600,4.943
8.935327,-0.1600,4.996
8.940335,-0.1600,5.016
8.945374,-0.1600,5.058
8.950380,-0.1600,4.948
8.955347,-0.1400,4.981
8.960356,-0.1600,5.032
8.965344,-0.1600,4.943
8.970344,-0.1600,5.050
8.975358,-0.1600,4.976
8.980333,-0.1600,4.971
8.985333,-0.1600,5.024
8.990342,-0.1600,4.989
9.001828,-0.1600,17.980
9.013317,-0.1600,4.994
9.018296,-0.1600,4.960
9.023308,-0.1600,5.058
9.028335,-0.1600,4.991
9.033326,-0.1600,4.984
9.038352,-0.1600,5.064
9.043330,-0.1800,4.887
9.048287,-0.1800,5.023
9.053301,-0.1800,5.000
9.058285,-0.1800,4.963
9.063287,-0.1800,5.028
9.068302,-0.1800,4.996
9.073287,-0.1800,4.973
9.078265,-0.1600,4.979
9.083263,-0.1600,5.011
9.094800,-0.1600,18.058
9.106298,-0.1600,4.928
9.111244,-0.1600,4.958
9.116255,-0.1600,5.059
9.121285,-0.1600,4.998
9.126290,-0.1600,4.974
9.131263,-0.1600,4.970
9.136270,-0.1400,5.041
9.141257,-0.1600,4.926
9.146200,-0.1400,4.958
9.151195,-0.1400,5.025
9.156199,-0.1400,4.976
9.161203,-0.1400,5.032
9.166220,-0.1400,4.996
9.171224,-0.1400,5.008
9.176209,-0.1400,4.957
9.181203,-0.1400,5.028
9.192203,-0.1400,16.966
9.203206,-0.1400,5.033
9.208235,-0.1400,5.021
9.213707,-0.1400,5.920
9.219182,-0.1400,5.024
9.224200,-0.1400,5.007
9.229169,-0.1200,4.928
9.234167,-0.1400,5.060
9.239199,-0.1200,5.002
9.244184,-0.1200,4.963
9.249168,-0.1200,5.001
9.254202,-0.1200,5.061
9.259193,-0.1200,4.911
9.264150,-0.1400,4.997
9.269170,-0.1400,5.038
9.274181,-0.1400,4.980
9.285161,-0.1400,16.975
9.296147,-0.1400,4.991
9.301146,-0.1200,5.004
9.306147,-0.1200,4.988
9.311139,-0.1400,4.991
9.316147,-0.1400,5.018
9.321147,-0.1400,4.978
9.326138,-0.1400,5.002
9.331121,-0.1400,4.958
9.336112,-0.1400,5.020
9.341124,-0.1400,5.000
9.346108,-0.1400,4.966
9.351591,-0.1400,5.995
9.357093,-0.1400,5.004
9.362111,-0.1400,5.027
9.367109,-0.1400,4.962
9.378093,-0.1400,17.002
9.389077,-0.1400,4.959
9.394074,-0.1400,5.030
9.399074,-0.1400,4.966
9.404067,-0.1400,5.015
9.409097,-0.1400,5.042
9.414080,-0.1200,4.919
9.419081,-0.1200,5.079
9.424079,-0.1200,4.912
9.429044,-0.1200,5.014
9.434061,-0.1200,5.002
9.439031,-0.1200,4.934
9.443997,-0.1200,4.994
9.448991,-0.1200,4.991
9.454002,-0.1200,5.027
9.459011,-0.1200,4.988
9.470499,-0.1200,17.981
9.482005,-0.1400,5.025
9.487019,-0.1200,4.998
9.491977,-0.1200,4.913
9.496991,-0.1200,5.109
9.502027,-0.1200,4.959
9.506979,-0.1000,4.942
9.511972,-0.1000,4.977
9.517034,-0.1000,5.140
9.522583,-0.1000,5.948
9.527538,-0.1000,3.942
9.532009,-0.1000,4.993
9.536992,-0.1000,4.967
9.541990,-0.1000,5.023
9.546990,-0.1000,4.974
9.551979,-0.1200,4.998
9.562960,-0.1200,16.958
9.573950,-0.1200,5.016
9.578964,-0.1200,5.008
9.583959,-0.1200,4.978
9.588931,-0.1200,4.957
9.593928,-0.1400,5.031
9.598946,-0.1400,5.003
9.603949,-0.1400,4.998
9.608956,-0.1400,5.010
9.613990,-0.1400,5.057
9.618988,-0.1400,4.933
9.623954,-0.1400,4.994
9.628977,-0.1400,5.049
9.633975,-0.1400,4.912
9.638934,-0.1400,5.002
9.644420,-0.1400,5.967
9.649892,-0.1400,4.970
9.660902,-0.1600,17.044
9.671915,-0.1400,4.977
9.676903,-0.1600,4.996
9.681904,-0.1600,5.002
9.686903,-0.1600,4.993
9.691872,-0.1600,4.941
9.696836,-0.1600,4.982
9.701838,-0.1600,5.017
9.706849,-0.1600,4.999
9.711851,-0.1600,5.001
9.716848,-0.1600,4.987
9.721870,-0.1600,5.052
9.726857,-0.1600,4.917
9.731813,-0.1600,4.991
9.736808,-0.1600,4.993
9.741846,-0.1600,5.066
9.753349,-0.1600,17.937
9.764813,-0.1600,4.985
9.769838,-0.1600,5.057
9.774879,-0.1600,5.017
9.779889,-0.1600,4.998
9.784859,-0.1600,4.935
9.789856,-0.1600,5.015
9.794847,-0.1600,4.963
9.799827,-0.1600,4.991
9.804826,-0.1600,4.995
9.809826,-0.1600,5.001
9.814837,-0.1600,5.017
9.819850,-0.1600,4.963
9.824828,-0.1600,4.992
9.829819,-0.1600,4.985
9.834822,-0.1800,5.015
9.846317,-0.1800,17.971
9.857838,-0.1800,5.061
9.862851,-0.1800,4.954
9.867818,-0.1800,4.973
9.872806,-0.1800,4.999
9.877778,-0.1800,4.940
9.882776,-0.1800,5.050
9.887784,-0.1800,4.961
9.892771,-0.1800,5.009
9.897760,-0.1800,4.967
9.902763,-0.1800,5.034
9.907778,-0.2000,4.993
9.912778,-0.1800,5.003
9.917779,-0.1800,4.996
9.922780,-0.1600,5.003
9.927752,-0.1600,4.935
9.939237,-0.1800,18.029
9.950760,-0.1800,5.010
9.955768,-0.2000,5.004
9.960819,-0.2000,5.093
9.965805,-0.1800,4.868
9.970721,-0.1800,4.959
9.975720,-0.1800,5.032
9.980740,-0.1800,4.976
9.985727,-0.1800,4.990
9.990711,-0.1600,4.975
9.996140,-0.1600,5.881
10.012514,-0.1600,26.857
10.033548,-0.1400,15.203
10.043653,-0.1600,5.002
10.048663,-0.1600,5.012
10.053686,-0.1600,5.026
10.058699,-0.1600,4.998
10.063686,-0.1400,4.974
10.068686,-0.1400,4.987
10.073681,-0.1400,5.000
10.078664,-0.1400,4.962
10.083647,-0.1400,4.996
10.088662,-0.1400,5.031
10.093674,-0.1400,4.992
10.098660,-0.1400,4.975
10.103689,-0.1400,5.076
10.108716,-0.1600,4.972
10.113681,-0.1600,4.950
10.118659,-0.1600,5.003
10.129677,-0.1600,17.030
10.140682,-0.1600,4.971
10.145670,-0.1600,5.000
10.150658,-0.1600,4.972
10.155619,-0.1800,4.945
10.160618,-0.1800,5.049
10.165646,-0.1800,5.002
10.170647,-0.1600,4.998
10.176145,-0.1800,5.993
10.181629,-0.1800,4.972
10.186594,-0.1800,4.952
10.191582,-0.1800,5.020
10.196600,-0.1800,5.003
10.201643,-0.1800,5.077
10.206676,-0.1600,4.945
10.211649,-0.1600,4.997
10.222639,-0.1600,16.977
10.233610,-0.1600,4.958
10.238582,-0.1600,4.982
10.243568,-0.1800,4.986
10.248551,-0.1800,4.975
10.253538,-0.1800,4.993
10.258579,-0.2000,5.085
10.263594,-0.1800,4.933
10.268558,-0.2000,4.989
10.273548,-0.2000,4.987
10.278535,-0.2000,4.983
10.283532,-0.1800,5.004
10.288547,-0.1600,5.023
10.294027,-0.1600,5.933
10.299530,-0.1600,5.067
10.304541,-0.1600,4.952
10.315544,-0.1600,17.048
10.326537,-0.1600,4.933
10.331497,-0.1400,4.982
10.336505,-0.1400,5.030
10.341529,-0.1400,5.015
10.346526,-0.1400,4.974
10.351515,-0.1600,4.998
10.356519,-0.1600,5.008
10.361508,-0.1400,4.966
10.366525,-0.1400,5.030
10.371555,-0.1600,5.025
10.376544,-0.1600,4.946
10.381500,-0.1600,4.964
10.386510,-0.1600,5.051
10.391530,-0.1600,4.984
10.396521,-0.1600,4.995
10.408006,-0.1400,17.970
10.419508,-0.1400,5.028
10.424521,-0.1400,4.991
10.429502,-0.1400,4.968
10.434523,-0.1400,5.027
10.439514,-0.1400,4.951
10.444482,-0.1400,4.980
10.449510,-0.1400,5.071
10.454514,-0.1400,4.887
10.459467,-0.1400,5.015
10.464497,-0.1600,5.041
10.469482,-0.1600,4.923
10.474420,-0.1600,4.949
10.479393,-0.1600,4.995
10.484409,-0.1600,5.032
10.489451,-0.1600,5.047
10.500950,-0.1600,17.908
10.512427,-0.1600,5.002
10.517430,-0.1600,5.002
10.522429,-0.1600,4.990
10.527393,-0.1600,4.938
10.532367,-0.1600,5.005
10.537375,-0.1600,5.008
10.542409,-0.1600,5.052
10.547418,-0.1600,4.962
10.552404,-0.1600,5.002
10.557396,-0.1600,4.976
10.562396,-0.1600,5.013
10.567404,-0.1600,4.997
10.572395,-0.1600,4.981
10.577363,-0.1600,4.949
10.582362,-0.1600,5.043
10.587384,-0.1600,4.998
10.598857,-0.1600,17.941
10.610329,-0.1600,4.998
10.615325,-0.1600,4.989
10.620331,-0.1600,4.984
10.625320,-0.1600,4.987
10.630368,-0.1600,5.104
10.635373,-0.1600,4.895
10.640322,-0.1400,4.999
10.645323,-0.1400,4.998
10.650323,-0.1600,4.996
10.655327,-0.1600,5.005
10.660328,-0.1600,4.993
10.665308,-0.1600,4.963
10.670309,-0.1600,5.034
10.675307,-0.1600,4.960
10.680318,-0.1600,5.057
10.691329,-0.1600,16.959
10.702274,-0.1600,4.926
10.707255,-0.1600,5.030
10.712255,-0.1600,4.962
10.717253,-0.1600,5.029
10.722267,-0.1600,4.995
10.727265,-0.1400,4.998
10.732253,-0.1400,4.969
10.737744,-0.1600,6.007
10.743261,-0.1600,5.021
10.748257,-0.1600,4.966
10.753244,-0.1600,4.994
10.758253,-0.1600,5.019
10.763250,-0.1600,4.968
10.768253,-0.1600,5.033
10.773251,-0.1600,4.959
10.784217,-0.1800,16.941
10.795204,-0.1800,5.027
10.800209,-0.2000,4.977
10.805215,-0.1800,5.032
10.810220,-0.1800,4.972
10.815214,-0.1800,5.013
10.820245,-0.1800,5.002
10.825247,-0.1800,4.997
10.830227,-0.1600,4.925
10.835196,-0.1600,5.007
10.840256,-0.1600,5.068
10.845244,-0.1600,4.904
10.850711,-0.1600,6.026
10.856226,-0.1600,4.998
10.861230,-0.1600,5.008
10.866200,-0.1600,4.926
10.877184,-0.1600,17.038
10.888205,-0.1600,4.999
10.893204,-0.1600,4.996
10.898184,-0.1600,4.962
10.903185,-0.1600,5.032
10.908204,-0.1600,5.003
10.913179,-0.1600,4.942
10.918159,-0.1600,5.013
10.923175,-0.1600,5.014
10.928181,-0.1600,4.997
10.933158,-0.1600,4.952
10.938152,-0.1600,5.030
10.943171,-0.1600,5.004
10.948161,-0.1600,4.969
10.953170,-0.1600,5.006
10.958659,-0.1600,5.968
10.970145,-0.1600,16.999
10.981131,-0.1600,4.967
10.986134,-0.1600,5.033
10.991133,-0.1600,4.961
10.996128,-0.1600,5.022
11.001143,-0.1800,5.004
11.006144,-0.1800,4.994
11.011120,-0.2000,4.953
11.016110,-0.2000,5.023
11.021126,-0.2000,5.005
11.026107,-0.2000,4.954
11.031106,-0.2000,5.040
11.036100,-0.2000,4.944
11.041093,-0.2000,5.034
11.046081,-0.2000,4.941
11.051063,-0.2000,4.978
11.056071,-0.2200,5.036
11.067600,-0.2000,18.017
11.079099,-0.2000,4.975
11.084095,-0.2000,5.011
11.089101,-0.2000,4.996
11.094068,-0.2000,4.934
11.099039,-0.2000,5.004
11.104060,-0.2000,5.031
11.109088,-0.2000,5.020
11.114058,-0.2000,4.911
11.119052,-0.2000,5.072
11.124070,-0.1800,4.961
11.129078,-0.1600,5.048
11.134099,-0.1600,4.953
11.139060,-0.1800,4.967
11.144033,-0.1800,4.973
11.149029,-0.1800,5.013
11.160528,-0.1800,17.979
11.172013,-0.1600,4.985
11.176998,-0.1600,4.979
11.182019,-0.1600,5.058
11.187046,-0.1600,4.991
11.192041,-0.1600,4.996
11.197031,-0.1600,4.980
11.202011,-0.1400,4.972
11.207013,-0.1400,5.025
11.212021,-0.1600,4.986
11.216997,-0.1600,4.959
11.221999,-0.1600,5.042
11.227018,-0.1600,4.993
11.231998,-0.1600,4.964
11.236987,-0.1400,5.009
11.241990,-0.1400,4.993
11.253001,-0.1600,17.027
11.264544,-0.1600,6.014
11.270014,-0.1600,4.912
11.274983,-0.1600,5.022
11.279996,-0.1600,5.002
11.284982,-0.1600,4.967
11.289970,-0.1600,5.008
11.294971,-0.1800,4.991
11.299976,-0.1800,5.011
11.304956,-0.1800,4.946
11.309946,-0.1800,5.027
11.314963,-0.1800,4.964
11.319954,-0.1800,5.012
11.324941,-0.1800,4.958
11.329927,-0.1800,5.009
11.334946,-0.1800,5.025
11.351926,-0.1800,28.931
11.368920,-0.2000,5.053
11.373946,-0.1800,4.996
11.378920,-0.1800,4.949
11.383900,-0.1800,5.004
11.388924,-0.1800,5.040
11.393898,-0.2000,4.905
11.398878,-0.1800,5.050
11.403907,-0.1800,5.006
11.408914,-0.1800,5.007
11.413884,-0.1800,4.926
11.418857,-0.1800,5.013
11.423852,-0.2000,4.969
11.428842,-0.2000,5.006
11.439849,-0.2000,17.001
11.450856,-0.1800,5.007
11.455863,-0.1800,4.962
11.460854,-0.2000,5.020
11.466354,-0.2000,5.975
11.471843,-0.1800,5.000
11.476843,-0.1800,4.996
11.481825,-0.1800,4.967
11.486826,-0.1800,5.031
11.491833,-0.1800,4.981
11.496809,-0.1600,4.968
11.501798,-0.1600,5.006
11.506806,-0.1600,5.006
11.511811,-0.1600,4.999
11.516801,-0.1600,4.966
11.521808,-0.1600,5.010
11.532813,-0.1600,16.994
11.543782,-0.1600,4.940
11.548766,-0.1600,5.022
11.553756,-0.1600,4.951
11.558750,-0.1600,5.031
11.563785,-0.1600,5.003
11.568779,-0.1600,4.980
11.573763,-0.1600,4.984
11.578782,-0.1600,5.052
11.584275,-0.1600,5.927
11.589735,-0.1600,4.989
11.594792,-0.1600,5.117
11.599805,-0.1600,4.903
11.604755,-0.1400,4.993
11.609751,-0.1400,4.995
11.614760,-0.1600,5.019
11.625775,-0.1600,16.961
11.636731,-0.1600,4.946
11.641700,-0.1600,4.987
11.646723,-0.1600,5.055
11.651722,-0.1400,4.932
11.656716,-0.1600,5.051
11.661715,-0.1600,4.944
11.666695,-0.1600,5.011
11.671689,-0.1600,4.972
11.676698,-0.1600,5.041
11.681721,-0.1600,5.000
11.686721,-0.1800,4.995
11.691707,-0.1800,4.974
11.696694,-0.1800,4.996
11.701666,-0.1800,4.942
11.706637,-0.1800,4.994
11.711641,-0.1800,5.009
11.723143,-0.1800,17.989
11.734630,-0.1800,4.979
11.739704,-0.1800,5.124
11.744715,-0.1800,4.886
11.749668,-0.1800,5.014
11.754644,-0.1800,4.935
11.759633,-0.1600,5.038
11.764664,-0.1800,5.010
11.769668,-0.1800,4.950
11.774644,-0.1800,4.999
11.779664,-0.1800,5.037
11.784671,-0.1800,4.968
11.789658,-0.1800,5.001
11.794665,-0.1800,5.009
11.799664,-0.1800,4.982
11.804640,-0.1800,4.966
11.816123,-0.1800,17.996
11.827641,-0.1600,5.034
11.832628,-0.1600,4.934
11.837598,-0.1600,5.002
11.842614,-0.1600,5.019
11.847625,-0.1600,4.999
11.852633,-0.1600,5.013
11.857618,-0.1600,4.953
11.862622,-0.1600,5.051
11.867614,-0.1600,4.929
11.872567,-0.1400,4.971
11.877584,-0.1600,5.059
11.882622,-0.1400,4.973
11.887588,-0.1400,4.953
11.892592,-0.1400,5.009
11.897628,-0.1400,5.059
11.909109,-0.1400,17.895
11.925998,-0.1400,15.875
11.935979,-0.1400,4.080
11.940535,-0.1400,5.025
11.945539,-0.1400,4.977
11.950537,-0.1600,5.011
11.955550,-0.1600,5.011
11.960534,-0.1600,4.952
11.965533,-0.1400,5.040
11.970537,-0.1400,4.963
11.975514,-0.1400,4.987
11.980503,-0.1400,4.986
11.985518,-0.1400,5.038
11.990517,-0.1400,4.957
12.002019,-0.1400,18.039
12.013552,-0.1200,4.980
12.018550,-0.1400,4.971
12.023524,-0.1200,4.973
12.028516,-0.1200,5.006
12.033515,-0.1200,4.987
12.038508,-0.1200,4.995
12.043506,-0.1200,4.997
12.048512,-0.1200,5.010
12.053514,-0.1000,4.988
12.058510,-0.1000,5.001
12.063512,-0.1000,5.002
12.068498,-0.1000,4.963
12.073498,-0.1000,5.034
12.078519,-0.1000,5.002
12.083503,-0.1000,4.962
12.094501,-0.1000,17.029
12.105514,-0.1000,4.992
12.110492,-0.1000,4.961
12.115478,-0.1000,5.005
12.120497,-0.0000,5.030
12.125460,-0.1000,4.892
12.130459,-0.1000,5.103
12.135457,-0.0000,4.887
12.140408,-0.0000,5.009
12.145400,-0.1000,4.971
12.150399,-0.1000,5.021
12.155409,-0.1000,4.997
12.160388,-0.1200,4.958
12.165397,-0.1200,5.056
12.170421,-0.1200,4.988
12.175407,-0.1400,4.979
12.180413,-0.1400,5.029
12.191415,-0.1600,16.971
12.202405,-0.1600,5.005
12.207907,-0.1600,5.995
12.213393,-0.1600,4.974
12.218380,-0.1600,4.996
12.223375,-0.1600,4.990
12.228359,-0.1600,4.972
12.233364,-0.1600,5.031
12.238359,-0.1600,4.954
12.243371,-0.1800,5.019
12.248366,-0.1800,4.930
12.253331,-0.1800,4.996
12.258319,-0.1800,4.975
12.263329,-0.1800,5.040
12.268331,-0.1800,4.961
12.273338,-0.1800,5.049
12.284328,-0.2000,16.928
12.295317,-0.2000,5.045
12.300316,-0.2000,4.949
12.305327,-0.2000,5.031
12.310327,-0.1800,4.966
12.315306,-0.1800,4.983
12.320812,-0.1800,6.025
12.326310,-0.1800,4.968
12.331307,-0.1800,5.022
12.336291,-0.1800,4.938
12.341264,-0.1800,5.004
12.346286,-0.1600,5.036
12.351278,-0.1800,4.943
12.356267,-0.1600,5.032
12.361275,-0.1600,4.978
12.366265,-0.1600,4.957
12.377240,-0.1400,16.992
12.388260,-0.1400,5.041
12.393264,-0.1600,4.963
12.398250,-0.1600,5.005
12.403256,-0.1600,5.000
12.408266,-0.1600,5.017
12.413264,-0.1600,4.975
12.418253,-0.1600,4.996
12.423268,-0.1600,5.034
12.428264,-0.1600,4.913
12.433238,-0.1600,5.030
12.438232,-0.1400,4.952
12.443224,-0.1400,5.027
12.448235,-0.1400,4.992
12.453215,-0.1400,4.962
12.458713,-0.1400,6.027
12.470239,-0.1400,17.019
12.481222,-0.1400,4.900
12.486190,-0.1200,5.030
12.491202,-0.1400,4.992
12.496201,-0.1400,5.002
12.501211,-0.1400,5.015
12.506193,-0.1400,4.944
12.511189,-0.1400,5.043
12.516209,-0.1400,4.993
12.521193,-0.1400,4.971
12.526180,-0.1400,5.001
12.531180,-0.1400,4.997
12.536175,-0.1400,4.986
12.541158,-0.1400,4.976
12.546131,-0.1400,4.963
12.551136,-0.1400,5.041
12.556165,-0.1400,5.013
12.567666,-0.1400,17.982
12.579160,-0.1400,5.003
12.584135,-0.1200,4.898
12.589111,-0.1200,5.051
12.594145,-0.1000,5.013
12.599149,-0.1000,4.986
12.604144,-0.1000,4.999
12.609139,-0.1000,4.987
12.614126,-0.1000,4.983
12.619124,-0.1200,5.008
12.624115,-0.1200,4.972
12.629102,-0.1200,4.996
12.634086,-0.1200,4.967
12.639072,-0.1200,5.004
12.644090,-0.1200,5.025
12.649104,-0.1200,4.999
12.660076,-0.1200,16.941
12.671073,-0.1400,5.048
12.676099,-0.1200,4.999
12.681099,-0.1200,4.998
12.686066,-0.1200,4.931
12.691024,-0.1200,4.980
12.696043,-0.1200,5.054
12.701051,-0.1200,4.957
12.706022,-0.1200,4.981
12.711502,-0.1200,5.975
12.717013,-0.1200,5.041
12.722037,-0.1200,4.995
12.727040,-0.1200,5.005
12.732038,-0.1200,4.974
12.737041,-0.1200,5.027
12.742045,-0.1200,4.976
12.753034,-0.1200,16.997
12.764013,-0.1400,4.955
12.769006,-0.1400,5.026
12.774009,-0.1400,4.973
12.778981,-0.1400,4.969
12.783981,-0.1400,5.019
12.788982,-0.1400,4.976
12.793968,-0.1400,4.992
12.798955,-0.1400,4.976
12.803966,-0.1600,5.042
12.809003,-0.1400,5.026
12.814007,-0.1400,4.976
12.818997,-0.1400,4.997
12.823990,-0.1400,4.985
12.828968,-0.1400,4.967
12.833966,-0.1400,5.024
12.845461,-0.1400,17.962
12.856948,-0.1400,5.007
12.861965,-0.1400,4.981
12.866955,-0.1400,4.994
12.871941,-0.1200,4.972
12.876931,-0.1400,5.005
12.881940,-0.1200,4.958
12.886929,-0.1400,5.015
12.891951,-0.1400,5.022
12.896939,-0.1400,4.952
12.901912,-0.1400,4.991
12.906901,-0.1400,4.981
12.911894,-0.1400,5.001
12.916895,-0.1400,4.991
12.921902,-0.1400,4.978
12.926903,-0.1600,5.018
12.937924,-0.1400,17.018
12.949427,-0.1400,5.981
12.954929,-0.1400,4.988
12.959919,-0.1600,4.988
12.964914,-0.1600,4.998
12.969908,-0.1400,4.984
12.974901,-0.1400,4.996
12.979914,-0.1400,5.026
12.984914,-0.1400,4.926
12.989888,-0.1400,5.020
12.994882,-0.1400,4.964
12.999855,-0.1400,4.974
13.004861,-0.1600,5.033
13.009891,-0.1600,5.022
13.014912,-0.1600,4.973
13.019886,-0.1600,4.969
13.024863,-0.1600,4.981
13.035865,-0.1600,17.019
13.046857,-0.1600,4.928
13.051838,-0.1600,5.030
13.056847,-0.1600,4.986
13.061870,-0.1800,5.053
13.066851,-0.1600,4.898
13.071796,-0.1600,4.990
13.077309,-0.1600,6.031
13.082812,-0.1600,4.966
13.087820,-0.1400,5.046
13.092835,-0.1600,4.980
13.097838,-0.1600,5.024
13.102821,-0.1600,4.893
13.107799,-0.1400,5.058
13.112817,-0.1400,4.975
13.117805,-0.1400,4.997
13.128788,-0.1400,16.965
13.139792,-0.1400,5.038
13.144813,-0.1400,4.999
13.149862,-0.1400,5.093
13.154833,-0.1200,4.841
13.159764,-0.1200,5.012
13.164789,-0.1200,5.033
13.169781,-0.1200,4.945
13.174744,-0.1200,4.975
13.179751,-0.1200,5.035
13.184763,-0.1000,4.955
13.189743,-0.1000,5.002
13.194747,-0.1200,5.000
13.199736,-0.1000,4.975
13.205222,-0.1200,5.993
13.210726,-0.1200,5.014
13.221730,-0.1000,16.986
13.232715,-0.1200,4.979
13.237709,-0.1200,4.972
13.242710,-0.1200,5.027
13.247709,-0.1400,4.970
13.252717,-0.1400,5.038
13.257728,-0.1400,4.980
13.262706,-0.1400,4.971
13.267703,-0.1400,5.018
13.272699,-0.1400,4.968
13.277677,-0.1400,4.984
13.282688,-0.1400,5.033
13.287720,-0.1600,5.028
13.292704,-0.1600,4.936
13.297680,-0.1600,5.010
13.302658,-0.1600,4.942
13.314135,-0.1600,18.008
13.325658,-0.1600,5.033
13.330659,-0.1600,4.966
13.335644,-0.1800,4.995
13.340651,-0.1800,5.013
13.345661,-0.1800,4.963
13.350642,-0.1800,4.994
13.355659,-0.1800,5.034
13.360689,-0.1800,5.024
13.365678,-0.1800,4.948
13.370656,-0.1800,5.006
13.375658,-0.1800,4.993
13.380656,-0.1800,5.001
13.385627,-0.1800,4.937
13.390634,-0.1800,5.073
13.395686,-0.1800,5.027
13.407182,-0.1600,17.959
13.418629,-0.1800,4.928
13.423646,-0.1800,5.103
13.428673,-0.1600,4.944
13.433636,-0.1600,4.978
13.438612,-0.1600,4.974
13.443582,-0.1600,4.961
13.448593,-0.1800,5.053
13.453613,-0.1800,4.980
13.458607,-0.2000,5.004
13.463586,-0.1800,4.953
13.468577,-0.1800,5.025
13.473565,-0.1800,4.950
13.478571,-0.2000,5.057
13.483605,-0.2000,5.008
13.488601,-0.1800,4.980
13.493564,-0.1800,4.938
13.504565,-0.1800,17.058
13.515611,-0.1800,4.996
13.521087,-0.1800,5.953
13.526570,-0.1800,5.005
13.531544,-0.1800,4.938
13.536518,-0.1800,4.972
13.541514,-0.1800,5.014
13.546521,-0.1800,4.953
13.551504,-0.1800,5.007
13.556519,-0.2000,5.019
13.561535,-0.1800,5.008
13.566565,-0.1800,5.046
13.571563,-0.1800,4.945
13.576502,-0.1800,4.929
13.581478,-0.2000,5.018
13.586505,-0.2000,5.030
13.597528,-0.2000,17.015
13.608539,-0.2000,4.962
13.613535,-0.2000,5.024
13.618543,-0.2000,4.950
13.623521,-0.1800,5.002
13.628519,-0.1800,4.990
13.633498,-0.1800,4.962
13.638482,-0.1800,5.003
13.643509,-0.1600,5.009
13.648504,-0.1600,4.972
13.653489,-0.1600,4.996
13.658516,-0.1600,5.052
13.663519,-0.1600,4.951
13.668502,-0.1800,5.011
13.673514,-0.1800,5.009
13.678505,-0.1800,4.970
13.689951,-0.1800,17.916
13.701415,-0.1800,4.981
13.706448,-0.1600,5.081
13.711486,-0.1600,4.988
13.716433,-0.1600,4.899
13.721379,-0.1600,4.982
13.726384,-0.1800,5.024
13.731399,-0.1600,5.001
13.736383,-0.1600,4.961
13.756701,-0.1600,35.671
13.783196,-0.1800,17.310
13.794379,-0.1800,5.047
13.799401,-0.2000,4.992
13.804398,-0.1800,4.994
13.809401,-0.1800,5.009
13.814407,-0.1600,4.999
13.819408,-0.1800,4.998
13.824407,-0.1600,4.998
13.829894,-0.1600,5.974
13.835435,-0.1600,5.101
13.840433,-0.1600,4.890
13.845364,-0.1600,4.968
13.850361,-0.1600,5.018
13.855375,-0.1600,5.007
13.860354,-0.1600,4.946
13.865340,-0.1600,5.020
13.876331,-0.1800,16.959
13.887334,-0.1600,5.042
13.892354,-0.1800,4.990
13.897355,-0.1600,4.970
13.902333,-0.1800,4.980
13.907331,-0.1800,5.009
13.912346,-0.1800,5.017
13.917357,-0.1800,5.001
13.922327,-0.1800,4.935
13.927303,-0.1800,5.011
13.932306,-0.1800,4.988
13.937303,-0.1800,5.002
13.942297,-0.1600,4.982
13.947290,-0.1600,5.000
13.952285,-0.1600,4.983
13.957301,-0.1600,5.043
13.962817,-0.1600,5.986
13.974301,-0.1600,16.977
13.985291,-0.1600,4.996
13.990294,-0.1600,5.008
13.995293,-0.1600,4.985
14.000277,-0.1600,4.980
14.005270,-0.1600,5.000
14.010269,-0.1600,4.994
14.015285,-0.1800,5.005
14.020290,-0.1600,5.002
14.025268,-0.1600,4.949
14.030252,-0.1600,5.018
14.035243,-0.1600,4.956
14.040238,-0.1600,5.031
14.045234,-0.1600,4.957
14.050214,-0.1400,4.995
14.055204,-0.1600,4.978
14.066716,-0.1400,18.042
14.078221,-0.1400,4.963
14.083218,-0.1400,5.025
14.088217,-0.1400,4.969
14.093202,-0.1400,4.999
14.098205,-0.1400,5.003
14.103210,-0.1200,5.002
14.108195,-0.1200,4.963
14.113167,-0.1200,4.978
14.118162,-0.1200,5.007
14.123165,-0.1200,4.992
14.128165,-0.1200,5.003
14.133155,-0.1200,4.971
14.138171,-0.1200,5.031
14.143162,-0.1200,4.947
14.148138,-0.1400,4.999
14.159674,-0.1200,18.067
14.171207,-0.1200,4.993
14.176171,-0.1200,4.930
14.181141,-0.1000,5.008
14.186147,-0.1200,4.999
14.191147,-0.1200,4.998
14.196144,-0.1200,4.992
14.201130,-0.1400,4.976
14.206128,-0.1400,5.015
14.211139,-0.1200,5.003
14.216138,-0.1200,4.988
14.221130,-0.1200,4.995
14.226115,-0.1200,4.971
14.231143,-0.1200,5.080
14.236124,-0.1200,4.876
14.241098,-0.1200,5.018
14.252111,-0.1200,17.004
14.263090,-0.1200,4.949
14.268092,-0.1200,5.048
14.273129,-0.1200,5.022
14.278118,-0.1200,4.914
14.283074,-0.1400,4.993
14.288061,-0.1400,4.977
14.293038,-0.1400,4.972
14.298032,-0.1400,5.012
14.303041,-0.1400,5.002
14.308057,-0.1400,5.025
14.313056,-0.1400,4.970
14.318077,-0.1400,5.069
14.323074,-0.1200,4.921
14.328053,-0.1200,5.034
14.333048,-0.1200,4.951
14.344513,-0.1200,17.976
14.356039,-0.1400,5.067
14.361059,-0.1400,4.970
14.366037,-0.1400,4.973
14.371047,-0.1400,5.043
14.376055,-0.1400,4.966
14.381058,-0.1400,5.034
14.386064,-0.1200,4.935
14.391039,-0.1400,5.010
14.396007,-0.1400,4.922
14.401000,-0.1400,5.058
14.406032,-0.1400,5.003
14.411022,-0.1400,4.975
14.416021,-0.1400,5.018
14.421031,-0.1400,4.997
14.426035,-0.1600,5.008
14.431038,-0.1400,4.994
14.442519,-0.1400,17.964
14.453985,-0.1600,4.963
14.458994,-0.1600,5.052
14.464015,-0.1400,4.983
14.469001,-0.1600,4.984
14.473994,-0.1600,4.997
14.479003,-0.1600,5.019
14.484011,-0.1600,4.962
14.488995,-0.1600,5.003
14.494002,-0.1600,5.009
14.498990,-0.1600,4.963
14.503951,-0.1600,4.956
14.508953,-0.1600,5.043
14.513979,-0.1600,5.005
14.518957,-0.1600,4.947
14.523929,-0.1600,4.990
14.534934,-0.1600,17.016
14.545932,-0.1600,4.974
14.550939,-0.1600,5.033
14.555939,-0.1600,4.965
14.561431,-0.1600,5.972
14.566930,-0.1600,5.022
14.571936,-0.1600,4.984
14.576925,-0.1400,4.988
14.581954,-0.1400,5.055
14.586937,-0.1400,4.905
14.591909,-0.1400,4.996
14.596896,-0.1400,4.973
14.601883,-0.1400,4.994
14.606875,-0.1400,4.987
14.611909,-0.1400,5.077
14.616927,-0.1400,4.954
14.627892,-0.1200,16.972
14.638901,-0.1200,5.042
14.643901,-0.1400,4.958
14.648888,-0.1200,4.972
14.653878,-0.1400,5.007
14.658852,-0.1400,4.939
14.663857,-0.1400,5.065
14.668891,-0.1200,4.999
14.673934,-0.1400,5.084
14.678914,-0.1200,4.871
14.683867,-0.1200,5.029
14.688920,-0.1200,5.074
14.693903,-0.1400,4.889
14.699339,-0.1400,5.977
14.704829,-0.1400,4.995
14.709820,-0.1400,4.982
14.720840,-0.1400,17.050
14.731856,-0.1400,4.978
14.736816,-0.1400,4.937
14.741791,-0.1400,5.007
14.746781,-0.1600,4.967
14.751801,-0.1600,5.063
14.756831,-0.1600,4.993
14.761831,-0.1600,4.996
14.766817,-0.1600,4.968
14.771828,-0.1600,5.009
14.776791,-0.1600,4.914
14.781752,-0.1600,5.003
14.786767,-0.1600,5.021
14.791790,-0.1600,5.019
14.796787,-0.1800,4.973
14.801790,-0.1800,4.985
14.813254,-0.2000,17.936
14.824737,-0.1800,5.026
14.829725,-0.1800,4.948
14.834721,-0.1800,5.037
14.839728,-0.1800,4.973
14.844738,-0.1600,5.042
14.849747,-0.1600,4.971
14.854741,-0.1600,5.012
14.859713,-0.1600,4.929
14.864710,-0.1600,5.060
14.869730,-0.1600,4.974
14.874716,-0.1600,4.994
14.879721,-0.1600,5.011
14.884704,-0.1600,4.952
14.889696,-0.1600,5.026
14.894703,-0.1600,4.982
14.899697,-0.1600,5.001
14.911200,-0.1600,18.002
14.922700,-0.1600,4.962
14.927683,-0.1600,4.999
14.932672,-0.1600,4.973
14.937659,-0.1600,4.997
14.942671,-0.1600,5.019
14.947681,-0.1600,5.000
14.952670,-0.1400,4.969
14.957652,-0.1400,4.991
14.962666,-0.1400,5.032
14.967650,-0.1600,4.931
14.972642,-0.1600,5.048
14.977670,-0.1400,5.003
14.982660,-0.1400,4.970
14.987635,-0.1400,4.974
14.992652,-0.1400,5.058
15.004162,-0.1400,17.959
15.015650,-0.1200,5.010
15.020654,-0.1200,4.994
15.025638,-0.1400,4.969
15.030639,-0.1400,5.030
15.035656,-0.1400,4.992
15.040653,-0.1400,4.996
15.045631,-0.1400,4.957
15.050619,-0.1400,5.016
15.055616,-0.1400,4.974
15.060614,-0.1400,5.017
15.065606,-0.1400,4.960
15.070597,-0.1600,5.018
15.075603,-0.1600,4.989
15.080600,-0.1600,5.002
15.085605,-0.1400,5.001
15.096621,-0.1400,17.028
15.107593,-0.1600,4.907
15.112561,-0.1400,5.026
15.117615,-0.1400,5.077
15.122625,-0.1400,4.939
15.127581,-0.1400,4.969
15.133062,-0.1400,5.989
15.138562,-0.1400,5.006
15.143576,-0.1400,5.015
15.148568,-0.1400,4.963
15.153567,-0.1400,5.029
15.158575,-0.1400,4.984
15.163546,-0.1400,4.955
15.168522,-0.1400,4.990
15.173518,-0.1400,4.999
15.178518,-0.1400,4.997
15.189536,-0.1400,16.979
15.200524,-0.1400,4.991
15.205537,-0.1600,5.031
15.210527,-0.1600,4.947
15.215514,-0.1600,5.020
15.220527,-0.1600,5.003
15.225530,-0.1600,5.000
15.230519,-0.1600,4.973
15.235516,-0.1600,5.017
15.240510,-0.1600,4.967
15.245488,-0.1600,4.985
15.250498,-0.1400,5.027
15.255520,-0.1400,5.004
15.260522,-0.1400,4.999
15.265524,-0.1400,4.997
15.270523,-0.1400,4.998
15.282019,-0.1400,17.989
15.293528,-0.1400,5.023
15.298547,-0.1200,4.978
15.303510,-0.1400,4.942
15.308488,-0.1400,5.010
15.313512,-0.1400,5.034
15.318512,-0.1400,4.963
15.323515,-0.1400,5.038
15.328525,-0.1400,4.977
15.333520,-0.1600,5.010
15.338525,-0.1600,4.996
15.343521,-0.1600,4.994
15.348513,-0.1600,4.985
15.353523,-0.1600,5.031
15.358534,-0.1600,4.955
15.363499,-0.1600,4.971
15.368499,-0.1600,5.025
15.385500,-0.1600,28.974
15.402511,-0.1600,5.044
15.407533,-0.1600,4.960
15.412478,-0.1600,4.927
15.417436,-0.1600,4.983
15.422432,-0.1600,5.006
15.427415,-0.1600,4.955
15.432392,-0.1600,4.992
15.437406,-0.1600,5.028
15.442407,-0.1600,4.970
15.447406,-0.1800,5.025
15.452420,-0.1800,4.999
15.457413,-0.1800,4.984
15.462433,-0.2000,5.049
15.473923,-0.1800,17.926
15.491084,-0.1800,16.386
15.501073,-0.1800,3.583
15.505373,-0.1800,5.009
15.510371,-0.1800,4.980
15.515368,-0.1800,5.007
15.520370,-0.1800,4.992
15.525411,-0.1800,5.083
15.530399,-0.1800,4.886
15.535349,-0.1800,5.011
15.540359,-0.1800,4.977
15.545400,-0.1600,5.099
15.550410,-0.1800,4.914
15.555370,-0.1800,4.968
15.566838,-0.1600,17.964
15.578341,-0.1600,5.035
15.583338,-0.1600,4.954
15.588313,-0.1600,4.989
15.593343,-0.1400,5.068
15.598326,-0.1400,4.892
15.603285,-0.1600,5.021
15.608296,-0.1600,4.994
15.613322,-0.1400,5.055
15.618340,-0.1400,4.975
15.623320,-0.1400,4.982
15.628309,-0.1200,4.993
15.633307,-0.1400,4.999
15.638308,-0.1400,4.999
15.643296,-0.1400,4.972
15.648278,-0.1400,4.988
15.659292,-0.1400,17.035
15.670775,-0.1400,5.925
15.676255,-0.1400,5.031
15.681276,-0.1400,5.006
15.686295,-0.1400,5.028
15.691285,-0.1200,4.946
15.696236,-0.1400,4.952
15.701230,-0.1400,5.032
15.706247,-0.1200,4.997
15.711253,-0.1200,5.009
15.716257,-0.1200,4.992
15.721233,-0.1400,4.957
15.726219,-0.1400,5.012
15.731230,-0.1200,5.002
15.736218,-0.1200,4.968
15.741214,-0.1400,5.017
15.752229,-0.1400,17.008
15.763219,-0.1200,4.961
15.768255,-0.1400,5.039
15.773253,-0.1400,4.951
15.778258,-0.1400,5.055
15.783234,-0.1200,4.886
15.788176,-0.1200,4.992
15.793173,-0.1400,5.000
15.798182,-0.1400,5.010
15.803193,-0.1400,5.006
15.808289,-0.1400,5.179
15.813781,-0.1400,5.788
15.819195,-0.1400,5.036
15.824210,-0.1400,4.990
15.829175,-0.1400,4.934
15.834159,-0.1400,5.028
15.845172,-0.1400,16.997
15.856171,-0.1400,4.997
15.861156,-0.1400,4.970
15.866160,-0.1400,5.028
15.871174,-0.1400,4.996
15.876145,-0.1400,4.943
15.881142,-0.1400,5.045
15.886160,-0.1600,4.988
15.891150,-0.1600,4.989
15.896136,-0.1600,4.979
15.901146,-0.1600,4.997
15.906115,-0.1600,4.937
15.911126,-0.1600,5.082
15.916152,-0.1600,4.961
15.921125,-0.1600,4.979
15.926115,-0.1600,4.996
15.931117,-0.1600,5.004
15.942622,-0.1600,17.998
15.954112,-0.1600,4.977
15.959119,-0.1600,5.032
15.964119,-0.1600,4.966
15.969102,-0.1600,4.996
15.974097,-0.1600,4.990
15.979097,-0.1600,5.005
15.984082,-0.1600,4.961
15.989079,-0.1600,5.030
15.994080,-0.1400,4.970
15.999082,-0.1600,5.027
16.004085,-0.1400,4.974
16.009068,-0.1400,4.989
16.014064,-0.1400,4.997
16.019043,-0.1600,4.956
16.024039,-0.1600,5.031
16.035526,-0.1400,17.942
16.047000,-0.1400,4.998
16.052018,-0.1600,5.034
16.057038,-0.1400,4.999
16.062010,-0.1400,4.942
16.067010,-0.1200,5.050
16.072028,-0.1200,4.981
16.077009,-0.1200,4.978
16.082024,-0.1200,5.043
16.087037,-0.1200,4.980
16.092023,-0.1200,4.986
16.097015,-0.1200,4.995
16.102010,-0.1200,4.991
16.106996,-0.1200,4.978
16.112039,-0.1400,5.104
16.117038,-0.1400,4.886
16.127967,-0.1400,16.965
16.138977,-0.1400,5.050
16.144029,-0.1400,5.046
16.149516,-0.1400,5.919
16.154963,-0.1400,4.969
16.159955,-0.1400,5.012
16.164973,-0.1400,5.017
16.169983,-0.1400,5.000
16.174971,-0.1400,4.970
16.179956,-0.1400,4.996
16.184945,-0.1400,4.968
16.189933,-0.1400,5.006
16.194959,-0.1400,5.042
16.200000,-0.1400,5.032
16.204967,-0.1400,4.894
16.209916,-0.1400,5.001
16.220904,-0.1400,16.971
16.231899,-0.1400,4.975
16.236892,-0.1400,5.008
16.241909,-0.1400,5.023
16.246887,-0.1400,4.929
16.251903,-0.1400,5.089
16.256929,-0.1400,4.948
16.261929,-0.1400,5.050
16.266954,-0.1400,4.993
16.272412,-0.1400,5.918
16.277883,-0.1400,5.018
16.282881,-0.1400,4.973
16.287884,-0.1400,5.027
16.292882,-0.1400,4.967
16.297878,-0.1400,5.014
16.302875,-0.1400,4.975
16.313878,-0.1600,17.030
16.324875,-0.1600,4.957
16.329877,-0.1600,5.041
16.334894,-0.1600,4.987
16.339871,-0.1600,4.963
16.344856,-0.1600,5.001
16.349865,-0.1400,5.013
16.354874,-0.1400,5.000
16.359858,-0.1400,4.963
16.364834,-0.1400,4.983
16.369823,-0.1400,4.991
16.374838,-0.1600,5.035
16.379860,-0.1600,5.006
16.384862,-0.1600,4.993
16.389855,-0.1600,4.990
16.394854,-0.1600,5.005
16.399857,-0.1600,4.998
16.411329,-0.1600,17.941
16.422815,-0.1800,5.025
16.427834,-0.1600,5.008
16.432819,-0.1600,4.959
16.437792,-0.1800,4.983
16.442783,-0.1600,4.995
16.447796,-0.1600,5.028
16.452808,-0.1600,4.991
16.457825,-0.1600,5.038
16.462853,-0.1800,5.016
16.467837,-0.1800,4.942
16.472784,-0.1800,4.949
16.477763,-0.1600,5.008
16.482777,-0.1800,5.013
16.487768,-0.1600,4.965
16.492762,-0.1600,5.018
16.504249,-0.1600,17.954
16.515747,-0.1800,5.034
16.520760,-0.1600,4.990
16.525752,-0.1600,4.990
16.530754,-0.1600,5.009
16.535759,-0.1800,4.996
16.540740,-0.1600,4.963
16.545714,-0.1800,4.981
16.550719,-0.1800,5.016
16.555736,-0.1800,5.013
16.560706,-0.1600,4.923
16.565702,-0.1600,5.064
16.570706,-0.1600,4.939
16.575682,-0.1600,5.007
16.580709,-0.1600,5.041
16.585703,-0.1600,4.942
16.597158,-0.1600,17.964
16.608656,-0.1800,5.026
16.613685,-0.1800,5.028
16.618728,-0.1600,5.050
16.623712,-0.1600,4.913
16.628685,-0.1600,5.030
16.633690,-0.1600,4.975
16.638676,-0.1600,4.994
16.643674,-0.1600,5.000
16.648675,-0.1600,4.995
16.653662,-0.1600,4.973
16.658661,-0.1600,5.021
16.663694,-0.1600,5.041
16.668705,-0.1600,4.974
16.673691,-0.1600,4.994
16.678684,-0.1600,4.990
16.689684,-0.1600,17.003
16.700644,-0.1600,4.909
16.706095,-0.1600,5.987
16.711602,-0.1600,5.021
16.716618,-0.1600,5.004
16.721608,-0.1600,4.968
16.726612,-0.1400,5.034
16.731612,-0.1400,4.961
16.736596,-0.1400,5.003
16.741651,-0.1400,5.054
16.746673,-0.1400,4.986
16.751645,-0.1400,4.951
16.756634,-0.1400,5.022
16.761616,-0.1200,4.940
16.766604,-0.1200,5.030
16.771615,-0.1200,4.988
16.782594,-0.1200,16.965
16.793592,-0.1200,5.028
16.798616,-0.1200,5.014
16.803599,-0.1200,4.947
16.808575,-0.1200,5.002
16.813602,-0.1200,5.048
16.818599,-0.1200,4.938
16.823591,-0.1000,5.044
16.828606,-0.1000,4.982
16.833593,-0.1200,4.987
16.838600,-0.1200,5.019
16.843609,-0.1200,4.995
16.848575,-0.1000,4.931
16.853568,-0.1000,5.052
16.858606,-0.1000,5.019
16.863581,-0.1000,4.894
16.868554,-0.1000,5.046
16.880063,-0.1000,17.969
16.891567,-0.1000,5.033
16.896565,-0.1000,4.961
16.901565,-0.1200,5.035
16.906591,-0.1200,5.015
16.911581,-0.1200,4.960
16.916563,-0.1400,5.000
16.921569,-0.1400,5.001
16.926555,-0.1400,4.967
16.931516,-0.1400,4.941
16.936522,-0.1400,5.064
16.941530,-0.1400,4.948
16.946517,-0.1400,5.018
16.951511,-0.1400,4.964
16.956495,-0.1400,5.002
16.961524,-0.1400,5.013
16.972510,-0.1400,16.956
16.983493,-0.1600,5.005
16.988525,-0.1400,5.016
16.993532,-0.1400,4.993
16.998528,-0.1600,4.993
17.003529,-0.1600,5.007
17.008542,-0.1600,5.015
17.013549,-0.1600,4.995
17.018523,-0.1600,4.949
17.024022,-0.1600,6.045
17.029525,-0.1600,4.957
17.034516,-0.1600,5.020
17.039520,-0.1600,4.985
17.044515,-0.1600,5.001
17.049502,-0.1600,4.968
17.054496,-0.1800,4.985
17.065488,-0.1800,16.994
17.076467,-0.1600,4.928
17.081412,-0.1600,4.956
17.086412,-0.1600,5.039
17.091442,-0.1600,5.018
17.096438,-0.1600,4.967
17.101406,-0.1400,4.964
17.106395,-0.1400,5.010
17.111911,-0.1400,6.021
17.117411,-0.1400,4.972
17.122398,-0.1600,4.999
17.127396,-0.1600,4.996
17.132385,-0.1400,4.975
17.137379,-0.1400,5.008
17.142374,-0.1400,4.976
17.147373,-0.1400,5.017
17.158378,-0.1400,16.989
17.169372,-0.1400,4.994
17.174384,-0.1400,5.025
17.179373,-0.1400,4.949
17.184351,-0.1400,5.001
17.189352,-0.1600,4.996
17.194346,-0.1400,4.989
17.199350,-0.1400,4.972
17.204358,-0.1200,5.041
17.209387,-0.1200,5.013
17.214390,-0.1200,4.988
17.219376,-0.1200,4.980
17.224363,-0.1200,4.988
17.229360,-0.1400,5.003
17.234354,-0.1200,4.974
17.239352,-0.1200,5.018
17.250846,-0.1200,17.964
17.262328,-0.1400,4.995
17.267307,-0.1400,4.956
17.272294,-0.1600,5.011
17.277304,-0.1400,5.003
17.282313,-0.1600,5.009
17.287330,-0.1600,5.021
17.292314,-0.1600,4.935
17.297292,-0.1600,5.017
17.302306,-0.1600,4.966
17.307298,-0.1600,4.975
17.312297,-0.1600,5.019
17.317303,-0.1600,4.988
17.322305,-0.1600,5.012
17.327297,-0.1600,4.939
17.332292,-0.1600,5.006
17.337295,-0.1600,4.997
17.348763,-0.1600,17.934
17.360243,-0.1600,5.021
17.365261,-0.1600,5.009
17.370264,-0.1600,4.993
17.375266,-0.1800,5.006
17.380267,-0.1800,4.994
17.385268,-0.1800,5.000
17.390266,-0.1800,4.994
17.395271,-0.1800,5.016
17.400247,-0.1800,4.929
17.405214,-0.1600,5.002
17.410228,-0.1600,5.020
17.415246,-0.1800,5.009
17.420241,-0.1800,4.978
17.425226,-0.1800,4.987
17.430219,-0.1800,4.996
17.441720,-0.1800,18.001
17.453238,-0.1600,5.030
17.458246,-0.1600,4.982
17.463245,-0.1800,5.016
17.468247,-0.1800,4.945
17.473221,-0.1800,5.000
17.478228,-0.1800,5.009
17.483212,-0.1800,4.955
17.488212,-0.1800,5.041
17.493236,-0.1600,5.003
17.498200,-0.1800,4.922
17.503185,-0.1600,5.043
17.508204,-0.1600,4.993
17.513255,-0.1800,5.105
17.518241,-0.1800,4.860
17.523173,-0.1800,4.997
17.534180,-0.1800,17.012
17.545184,-0.1800,4.990
17.550181,-0.1600,5.000
17.555653,-0.1800,5.939
17.561105,-0.1800,4.959
17.566109,-0.1800,5.003
17.571127,-0.1800,5.029
17.576134,-0.1800,4.980
17.581108,-0.1800,4.963
17.586120,-0.2000,5.057
17.591110,-0.1800,4.920
17.596090,-0.1800,5.034
17.601089,-0.1800,4.957
17.606074,-0.1800,5.009
17.611081,-0.1800,4.999
17.616094,-0.1800,5.022
17.627108,-0.1800,17.004
17.638094,-0.1800,4.961
17.643061,-0.1600,4.970
17.648067,-0.1600,5.034
17.653058,-0.1600,4.945
17.658563,-0.1600,6.060
17.664093,-0.1600,4.985
17.669074,-0.1600,4.975
17.676597,-0.1600,10.066
17.693990,-0.1600,24.709
17.710128,-0.1600,7.558
17.721220,-0.1600,14.617
17.731519,-0.1600,5.971
17.737006,-0.1600,4.996
17.742009,-0.1600,5.003
17.746989,-0.1600,4.948
17.751982,-0.1600,5.033
17.757023,-0.1600,5.038
17.762049,-0.1600,5.006
17.767029,-0.1600,4.949
17.771993,-0.1600,4.975
17.776986,-0.1600,5.007
17.781993,-0.1600,5.003
17.786986,-0.1600,4.977
17.791989,-0.1600,4.985
17.796972,-0.1600,4.971
17.801960,-0.1600,5.001
17.806951,-0.1400,4.977
17.817950,-0.1400,17.018
17.828976,-0.1400,5.025
17.833983,-0.1400,4.983
17.838947,-0.1400,4.942
17.843938,-0.1400,5.036
17.849459,-0.1600,6.002
17.854946,-0.1600,4.967
17.859945,-0.1600,5.028
17.864960,-0.1600,4.997
17.869949,-0.1400,4.979
17.874929,-0.1400,4.975
17.879904,-0.1600,4.971
17.884909,-0.1600,5.033
17.889933,-0.1600,5.010
17.894915,-0.1600,4.952
17.899922,-0.1600,5.054
17.910928,-0.1600,16.953
17.921941,-0.1400,5.030
17.926945,-0.1400,4.930
17.931893,-0.1400,4.960
17.936871,-0.1400,4.952
17.941913,-0.1600,5.128
17.946939,-0.1600,4.920
17.951923,-0.1600,5.010
17.956915,-0.1600,4.969
17.961887,-0.1600,4.972
17.966893,-0.1600,5.032
17.972396,-0.1600,5.971
17.977867,-0.1600,4.969
17.982868,-0.1600,5.028
17.987883,-0.1600,4.998
17.992869,-0.1600,4.971
18.003845,-0.1600,16.975
18.014868,-0.1600,5.027
18.019874,-0.1800,4.975
18.024842,-0.1600,4.957
18.029841,-0.1600,5.038
18.034860,-0.1600,4.993
18.039855,-0.1600,4.993
18.044860,-0.1600,5.012
18.049857,-0.1600,4.974
18.054837,-0.1600,4.977
18.059845,-0.1600,5.036
18.064851,-0.1600,4.970
18.069838,-0.1600,4.999
18.075315,-0.1600,5.952
18.080813,-0.1600,5.038
18.085833,-0.1600,5.001
18.096836,-0.1600,17.000
18.107831,-0.1600,4.986
18.112842,-0.1600,5.031
18.117843,-0.1600,4.967
18.122806,-0.1600,4.953
18.127790,-0.1600,5.008
18.132799,-0.1600,5.005
18.137795,-0.1600,4.966
18.142813,-0.1600,5.064
18.147809,-0.1600,4.923
18.152786,-0.1600,5.025
18.157791,-0.1600,4.982
18.162770,-0.1600,4.974
18.167772,-0.1600,5.023
18.172783,-0.1600,4.994
18.177780,-0.1600,4.995
18.189250,-0.1600,17.939
18.200738,-0.1600,5.031
18.205756,-0.1600,5.002
18.210769,-0.1600,5.020
18.215768,-0.1400,4.974
18.220750,-0.1400,4.986
18.225742,-0.1400,4.994
18.230762,-0.1400,5.011
18.235735,-0.1400,4.931
18.240700,-0.1600,4.994
18.245701,-0.1600,4.996
18.250704,-0.1600,5.005
18.255686,-0.1600,4.955
18.260709,-0.1600,5.084
18.265766,-0.1600,5.023
18.270819,-0.1600,5.076
18.282291,-0.1400,17.857
18.293705,-0.1400,4.938
18.298700,-0.1400,5.050
18.303715,-0.1400,4.975
18.308685,-0.1400,4.960
18.313678,-0.1400,5.019
18.318668,-0.1200,4.958
18.323663,-0.1200,5.026
18.328671,-0.1400,4.983
18.333651,-0.1400,4.973
18.338665,-0.1200,5.048
18.343680,-0.1400,4.979
18.348679,-0.1400,5.016
18.353680,-0.1400,4.980
18.358657,-0.1400,4.970
18.363648,-0.1400,5.005
18.368623,-0.1400,4.939
18.379605,-0.1400,17.019
18.390626,-0.1600,5.019
18.395631,-0.1600,4.987
18.401137,-0.1600,6.021
18.406651,-0.1600,5.003
18.411653,-0.1600,5.000
18.416647,-0.1600,4.982
18.421635,-0.1400,4.991
18.426621,-0.1400,4.966
18.431628,-0.1400,5.044
18.436647,-0.1400,4.990
18.441629,-0.1200,4.968
18.446620,-0.1400,5.010
18.451627,-0.1400,5.000
18.456605,-0.1400,4.952
18.461589,-0.1400,5.011
18.472619,-0.1400,17.045
18.483618,-0.1400,4.947
18.488603,-0.1400,5.020
18.493605,-0.1400,4.979
18.498599,-0.1600,5.005
18.503590,-0.1400,4.972
18.508569,-0.1600,4.981
18.513558,-0.1600,4.990
18.518597,-0.1600,5.080
18.523613,-0.1600,4.940
18.528595,-0.1600,5.021
18.533611,-0.1600,5.007
18.539070,-0.1600,5.903
18.544522,-0.1600,4.998
18.549551,-0.1400,5.015
18.554543,-0.1400,4.965
18.565544,-0.1400,17.030
18.576570,-0.1200,5.018
18.581571,-0.1200,4.979
18.586548,-0.1200,4.970
18.591517,-0.1200,4.961
18.596503,-0.1400,5.005
18.601537,-0.1200,5.019
18.606528,-0.1200,4.958
18.611504,-0.1200,4.991
18.616515,-0.1400,5.027
18.621530,-0.1400,4.997
18.626523,-0.1400,4.984
18.631536,-0.1400,5.035
18.636539,-0.1400,4.967
18.641513,-0.1400,4.979
18.646511,-0.1400,5.014
18.658007,-0.1400,17.971
18.669508,-0.1400,5.026
18.674523,-0.1400,4.999
18.679510,-0.1400,4.972
18.684513,-0.1400,5.027
18.689516,-0.1400,4.974
18.694486,-0.1200,4.961
18.699481,-0.1200,5.025
18.704478,-0.1200,4.966
18.709479,-0.1200,5.031
18.714488,-0.1200,4.982
18.719482,-0.1200,5.001
18.724515,-0.1200,5.060
18.729522,-0.1200,4.944
18.734517,-0.1200,5.041
18.739468,-0.1400,4.856
18.744409,-0.1400,5.012
18.755954,-0.1400,18.068
18.767011,-0.1400,4.041
18.771983,-0.1400,5.899
18.777414,-0.1400,4.961
18.782414,-0.1400,5.032
18.787435,-0.1400,5.008
18.792424,-0.1400,4.968
18.797420,-0.1400,5.019
18.802432,-0.1400,5.001
18.807433,-0.1400,4.999
18.812416,-0.1400,4.963
18.817400,-0.1400,4.999
18.822408,-0.1400,5.012
18.827397,-0.1400,4.963
18.832388,-0.1400,4.971
18.837370,-0.1200,4.990
18.848384,-0.1400,16.993
18.859394,-0.1400,5.023
18.864403,-0.1400,4.955
18.869380,-0.1400,4.995
18.874380,-0.1400,5.002
18.879378,-0.1400,4.990
18.884377,-0.1600,5.003
18.889383,-0.1600,5.005
18.894372,-0.1600,4.968
18.899359,-0.1600,5.002
18.904343,-0.1600,4.965
18.909347,-0.1600,5.039
18.914362,-0.1600,4.987
18.919839,-0.1600,5.963
18.925318,-0.1600,4.992
18.930331,-0.1400,5.025
18.941318,-0.1600,16.943
18.952323,-0.1400,5.060
18.957341,-0.1400,4.971
18.962325,-0.1600,4.995
18.967287,-0.1600,4.924
18.972261,-0.1600,5.020
18.977270,-0.1600,4.992
18.982273,-0.1600,5.009
18.987304,-0.1600,5.049
18.992333,-0.1600,4.965
18.997321,-0.1600,5.007
19.002304,-0.1400,4.954
19.007289,-0.1600,5.015
19.012277,-0.1400,4.958
19.017280,-0.1600,5.004
19.022284,-0.1600,5.000
19.033753,-0.1400,17.938
19.045222,-0.1400,4.994
19.050240,-0.1400,5.036
19.055259,-0.1400,4.997
19.060261,-0.1400,5.003
19.065257,-0.1400,4.983
19.070258,-0.1400,5.003
19.075235,-0.1400,4.944
19.080204,-0.1400,4.988
19.085230,-0.1400,5.058
19.090253,-0.1200,4.941
19.095199,-0.1200,4.948
19.100178,-0.1200,5.003
19.105177,-0.1200,4.992
19.110207,-0.1200,5.021
19.115213,-0.1200,4.986
19.126190,-0.1400,16.968
19.137187,-0.1200,5.020
19.142202,-0.1200,5.006
19.147185,-0.1200,4.956
19.152165,-0.1000,4.999
19.157671,-0.1000,6.007
19.163164,-0.1000,4.973
19.168156,-0.1000,5.006
19.173168,-0.1000,5.012
19.178160,-0.1000,4.967
19.183146,-0.1200,4.999
19.188163,-0.1200,5.030
19.193155,-0.1200,4.950
19.198129,-0.1200,4.993
19.203128,-0.1000,4.998
19.208148,-0.1000,5.039
19.213154,-0.1000,4.964
19.224125,-0.1000,16.973
19.235132,-0.1000,5.035
19.240156,-0.1000,5.011
19.245150,-0.1000,4.974
19.250145,-0.1000,5.000
19.255117,-0.1000,4.939
19.260096,-0.1200,5.015
19.265120,-0.1200,5.029
19.270134,-0.1200,4.995
19.275122,-0.1200,4.979
19.280092,-0.1200,4.956
19.285088,-0.1200,5.029
19.290083,-0.1200,4.957
19.295069,-0.1200,5.008
19.300089,-0.1200,5.029
19.305108,-0.1200,5.005
19.316572,-0.1200,17.918
19.328067,-0.1200,5.066
19.333081,-0.1200,4.917
19.338061,-0.1400,5.037
19.343083,-0.1400,5.004
19.348084,-0.1400,4.990
19.353066,-0.1400,4.973
19.358038,-0.1400,4.968
19.363024,-0.1400,4.998
19.368018,-0.1600,4.987
19.373042,-0.1400,5.056
19.378065,-0.1400,4.985
19.383040,-0.1600,4.959
19.388009,-0.1600,4.974
19.393016,-0.1600,5.033
19.398020,-0.1600,4.968
19.415001,-0.1600,28.987
19.432042,-0.1600,5.088
19.437071,-0.1600,4.965
19.442019,-0.1600,4.927
19.446982,-0.1800,4.995
19.451995,-0.1800,5.026
19.457009,-0.1600,4.997
19.462018,-0.1600,5.017
19.467014,-0.1600,4.970
19.471992,-0.1600,4.983
19.476970,-0.1600,4.969
19.481980,-0.1600,5.046
19.486991,-0.1600,4.972
19.491982,-0.1600,5.004
19.503469,-0.1800,17.964
19.514933,-0.1800,4.957
19.519922,-0.1800,5.015
19.525229,-0.1800,5.592
19.530220,-0.1800,4.382
19.534914,-0.1800,4.998
19.541439,-0.1800,8.044
19.547439,-0.1800,3.946
19.551914,-0.1800,4.996
19.556921,-0.1600,5.012
19.562071,-0.1600,5.278
19.567049,-0.1600,4.670
19.571905,-0.1600,5.035
19.576932,-0.1600,5.013
19.581900,-0.1600,4.916
19.587382,-0.1600,6.044
19.598921,-0.1600,17.028
19.609928,-0.1600,4.982
19.614907,-0.1600,4.939
19.619891,-0.1600,5.024
19.624891,-0.1400,4.971
19.629893,-0.1600,5.028
19.634899,-0.1600,4.978
19.639865,-0.1400,4.950
19.644872,-0.1600,5.055
19.649895,-0.1400,4.986
19.654886,-0.1400,4.991
19.659886,-0.1600,5.004
19.664869,-0.1600,4.958
19.669862,-0.1600,5.023
19.674846,-0.1400,4.941
19.679836,-0.1400,5.033
19.691330,-0.1400,17.951
19.702841,-0.1400,5.063
19.707874,-0.1400,4.994
19.712839,-0.1400,4.932
19.717854,-0.1400,5.091
19.722834,-0.1400,4.865
19.727768,-0.1400,4.992
19.732826,-0.1400,5.077
19.737855,-0.1400,4.936
19.742810,-0.1400,4.971
19.747787,-0.1400,4.979
19.752790,-0.1400,5.023
19.757804,-0.1400,5.001
19.762798,-0.1400,4.984
19.767779,-0.1400,4.970
19.772773,-0.1400,5.011
19.784285,-0.1400,18.008
19.795767,-0.1400,4.949
19.800766,-0.1400,5.045
19.805800,-0.1400,5.019
19.810793,-0.1400,4.962
19.815763,-0.1400,4.975
19.820754,-0.1600,5.004
19.825754,-0.1600,4.992
19.830747,-0.1600,4.984
19.835739,-0.1600,4.962
19.840716,-0.1600,4.990
19.845709,-0.1400,4.991
19.850718,-0.1400,5.024
19.855722,-0.1600,4.979
19.860713,-0.1600,5.000
19.865711,-0.1600,4.992
19.876715,-0.1600,17.013
19.887724,-0.1600,4.999
19.892712,-0.1600,4.942
19.897675,-0.1600,4.978
19.902670,-0.1600,5.004
19.908176,-0.1800,6.003
19.913653,-0.1600,4.944
19.918640,-0.1600,5.028
19.923660,-0.1600,5.009
19.928646,-0.1600,4.959
19.933646,-0.1600,5.037
19.938667,-0.1600,4.962
19.943649,-0.1600,4.999
19.948639,-0.1600,4.976
19.953626,-0.1600,4.991
19.958625,-0.1800,5.001
19.963629,-0.1600,5.000
19.974630,-0.1600,16.996
19.985615,-0.1600,4.969
19.990601,-0.1800,5.000
19.995590,-0.1800,4.975
20.000611,-0.1800,5.061
20.005633,-0.1600,4.976
20.010632,-0.1600,5.020
20.015621,-0.1800,4.951
20.020580,-0.1800,4.965
20.025592,-0.1800,5.055
20.030627,-0.1800,5.008
20.036121,-0.1800,5.931
20.041562,-0.2000,4.949
20.046572,-0.2000,5.065
20.051598,-0.2000,4.943
20.056564,-0.1800,4.988
20.067559,-0.2000,16.996
20.078561,-0.2000,5.001
20.083557,-0.1800,4.984
20.088559,-0.2000,5.016
20.093546,-0.2000,4.956
20.098539,-0.2000,5.023
20.103537,-0.2000,4.968
20.108511,-0.2000,4.978
20.113515,-0.1800,5.024
20.118530,-0.1800,5.004
20.123521,-0.1800,4.972
20.128517,-0.2000,5.016
20.133527,-0.2000,4.999
20.138513,-0.2000,4.970
20.143515,-0.2000,5.030
20.148527,-0.2000,4.989
20.160014,-0.2000,17.982
20.171529,-0.2000,5.012
20.176537,-0.2000,5.000
20.181521,-0.2000,4.962
20.186506,-0.2000,5.001
20.191497,-0.1800,4.977
20.196503,-0.1800,5.029
20.201522,-0.1800,5.004
20.206526,-0.1800,5.000
20.211537,-0.1800,5.017
20.216550,-0.1800,4.955
20.221530,-0.1600,5.003
20.226510,-0.1600,4.954
20.231500,-0.1600,5.019
20.236519,-0.1600,5.015
20.241499,-0.1600,4.941
20.252947,-0.1600,17.949
20.264485,-0.1400,5.083
20.269479,-0.1400,4.899
20.274430,-0.1400,5.000
20.279418,-0.1400,4.970
20.284418,-0.1400,5.023
20.289411,-0.1400,4.959
20.294397,-0.1400,5.007
20.299413,-0.1400,5.019
20.304407,-0.1400,4.966
20.309401,-0.1200,5.015
20.314375,-0.1200,4.927
20.319345,-0.1200,5.009
20.324378,-0.1400,5.052
20.329389,-0.1200,4.964
20.334369,-0.1200,4.990
20.345384,-0.1000,17.037
20.356389,-0.1200,4.970
20.361372,-0.1200,4.992
20.366373,-0.1200,5.005
20.371364,-0.1200,4.973
20.376364,-0.1200,5.023
20.381361,-0.1400,4.965
20.386346,-0.1200,5.000
20.391354,-0.1200,5.012
20.396363,-0.1200,5.002
20.401371,-0.1200,5.006
20.406379,-0.1200,5.008
20.411384,-0.1200,4.999
20.416388,-0.1200,5.003
20.421388,-0.1200,4.993
20.426355,-0.1400,4.938
20.431339,-0.1400,5.023
20.442840,-0.1400,17.976
20.454343,-0.1400,5.025
20.459353,-0.1400,4.992
20.464352,-0.1400,5.001
20.469345,-0.1400,4.983
20.474334,-0.1400,4.992
20.479321,-0.1400,4.978
20.484303,-0.1400,4.982
20.489290,-0.1400,4.987
20.494297,-0.1400,5.023
20.499338,-0.1400,5.056
20.504319,-0.1400,4.894
20.509304,-0.1400,5.071
20.514314,-0.1400,4.943
20.519313,-0.1400,5.010
20.524300,-0.1600,4.930
20.535791,-0.1400,18.049
20.547292,-0.1400,4.947
20.552292,-0.1400,5.045
20.557284,-0.1400,4.934
20.562245,-0.1400,4.980
20.567263,-0.1400,5.051
20.572278,-0.1400,4.972
20.577275,-0.1400,5.018
20.582277,-0.1400,4.981
20.587265,-0.1400,4.989
20.592250,-0.1400,4.976
20.597233,-0.1400,4.986
20.602245,-0.1400,5.032
20.607262,-0.1400,4.997
20.612240,-0.1400,4.956
20.617224,-0.1400,5.005
20.628217,-0.1400,16.976
20.639250,-0.1400,5.057
20.644238,-0.1400,4.915
20.649217,-0.1400,5.037
20.654211,-0.1200,4.946
20.659710,-0.1400,6.050
20.665238,-0.1400,4.999
20.670202,-0.1400,4.924
20.675175,-0.1400,5.020
20.680197,-0.1400,5.019
20.685207,-0.1400,4.999
20.690187,-0.1400,4.960
20.695186,-0.1400,5.031
20.700191,-0.1400,4.974
20.705181,-0.1200,4.992
20.710194,-0.1400,5.029
20.721180,-0.1400,16.936
20.732206,-0.1400,5.112
20.737208,-0.1400,4.886
20.742175,-0.1200,5.042
20.747195,-0.1200,4.989
20.752170,-0.1200,4.957
20.757169,-0.1200,5.037
20.762187,-0.1000,4.994
20.767172,-0.1200,4.971
20.772160,-0.1000,5.001
20.777144,-0.1200,4.963
20.782141,-0.1200,5.024
20.787140,-0.1200,4.971
20.792146,-0.1000,5.040
20.797150,-0.1000,4.963
20.802148,-0.1000,5.027
20.813633,-0.1000,17.936
20.825113,-0.1000,5.019
20.830128,-0.1200,5.003
20.835137,-0.1200,5.011
20.840124,-0.1200,4.959
20.845105,-0.1200,4.997
20.850104,-0.1200,4.995
20.855101,-0.1200,4.994
20.860140,-0.1400,5.081
20.865146,-0.1400,4.921
20.870108,-0.1200,5.002
20.875091,-0.1400,4.960
20.880089,-0.1400,5.031
20.885105,-0.1400,4.998
20.890103,-0.1400,4.992
20.895107,-0.1400,5.014
20.900113,-0.1400,4.994
20.911089,-0.1400,16.952
20.922086,-0.1400,5.011
20.927093,-0.1400,4.998
20.932087,-0.1400,4.984
20.937073,-0.1400,4.985
20.942072,-0.1400,5.008
20.947071,-0.1400,4.985
20.952054,-0.1400,4.975
20.957028,-0.1400,4.967
20.962014,-0.1400,5.002
20.967516,-0.1400,5.996
20.973035,-0.1600,5.036
20.978045,-0.1400,4.981
20.983042,-0.1400,5.008
20.988038,-0.1400,4.980
20.993044,-0.1400,5.016
21.004054,-0.1400,16.960
21.015047,-0.1400,5.018
21.020049,-0.1400,4.984
21.025054,-0.1600,5.022
21.030019,-0.1400,4.906
21.034997,-0.1400,5.042
21.040009,-0.1400,4.979
21.045001,-0.1400,5.003
21.050000,-0.1400,4.990
21.055002,-0.1400,5.009
21.060000,-0.1400,4.983
21.064999,-0.1400,5.009
21.070012,-0.1400,5.013
21.074983,-0.1400,4.926
21.079952,-0.1400,5.005
21.084952,-0.1400,4.990
21.096467,-0.1400,18.036
21.107973,-0.1400,4.936
21.118836,-0.1600,16.783
21.135802,-0.1400,17.138
21.146403,-0.1600,4.053
21.150921,-0.1400,4.976
21.155936,-0.1400,5.050
21.160946,-0.1400,4.964
21.165927,-0.1400,4.994
21.170934,-0.1200,5.013
21.175921,-0.1400,4.958
21.180915,-0.1400,5.024
21.191906,-0.1400,16.954
21.202905,-0.1400,5.018
21.207899,-0.1400,4.965
21.212882,-0.1400,4.997
21.217879,-0.1400,4.993
21.223383,-0.1400,6.010
21.228901,-0.1400,5.019
21.233913,-0.1400,4.994
21.238942,-0.1400,5.061
21.243930,-0.1400,4.906
21.248886,-0.1400,5.001
21.253887,-0.1400,4.998
21.258865,-0.1400,4.956
21.263870,-0.1400,5.008
21.268876,-0.1400,5.003
21.273879,-0.1400,4.999
21.284854,-0.1600,16.948
21.295829,-0.1600,4.994
21.300830,-0.1600,5.003
21.305841,-0.1600,5.014
21.310828,-0.1600,4.956
21.315800,-0.1600,4.981
21.320825,-0.1600,5.063
21.325848,-0.1600,4.979
21.330807,-0.1600,4.933
21.335786,-0.1600,5.021
21.340797,-0.1600,4.997
21.345840,-0.1600,5.084
21.351325,-0.1600,5.879
21.356781,-0.1600,5.027
21.361808,-0.1600,5.024
21.366793,-0.1600,4.943
21.377786,-0.1600,17.039
21.388806,-0.1600,4.996
21.393802,-0.1600,4.992
21.398782,-0.1600,4.960
21.403768,-0.1600,5.005
21.408787,-0.1400,5.029
21.413789,-0.1400,4.969
21.418754,-0.1400,4.959
21.423751,-0.1400,5.029
21.428763,-0.1400,4.990
21.433745,-0.1400,4.966
21.438733,-0.1400,5.004
21.443807,-0.1400,5.141
21.448830,-0.1400,4.897
21.453779,-0.1400,5.000
21.458749,-0.1400,4.934
21.470235,-0.1400,17.994
21.481736,-0.1400,5.002
21.486738,-0.1200,4.998
21.491739,-0.1200,5.002
21.496742,-0.1400,4.986
21.501721,-0.1400,4.967
21.506688,-0.1400,4.962
21.511668,-0.1400,4.992
21.516669,-0.1400,5.003
21.521676,-0.1400,5.003
21.526676,-0.1400,4.991
21.531692,-0.1400,5.037
21.536684,-0.1400,4.943
21.541674,-0.1400,5.032
21.546668,-0.1400,4.950
21.551640,-0.1400,4.987
21.556631,-0.1400,4.991
21.568126,-0.1400,17.992
21.579617,-0.1400,4.985
21.584628,-0.1400,5.034
21.589661,-0.1600,5.023
21.594662,-0.1600,4.975
21.599635,-0.1600,4.967
21.604645,-0.1600,5.009
21.609651,-0.1600,4.999
21.614650,-0.1600,4.992
21.619644,-0.1600,4.993
21.624606,-0.1600,4.929
21.629566,-0.1600,4.988
21.634600,-0.1600,5.072
21.639637,-0.1400,5.001
21.644637,-0.1600,4.996
21.649638,-0.1600,4.998
21.660639,-0.1600,16.998
21.671622,-0.1600,4.963
21.676602,-0.1400,4.992
21.681600,-0.1400,5.001
21.686591,-0.1600,4.977
21.691588,-0.1400,5.013
21.696566,-0.1400,4.932
21.702033,-0.1400,5.997
21.707556,-0.1400,5.044
21.712583,-0.1400,5.002
21.717584,-0.1400,4.987
21.722555,-0.1400,4.953
21.727525,-0.1400,4.983
21.732548,-0.1400,5.057
21.737573,-0.1400,4.989
21.742562,-0.1400,4.983
21.753558,-0.1400,17.003
21.764556,-0.1400,4.987
21.769556,-0.1400,5.007
21.774534,-0.1400,4.944
21.779537,-0.1400,5.058
21.784582,-0.1400,5.026
21.789573,-0.1400,4.948
21.794569,-0.1400,5.042
21.799542,-0.1400,4.898
21.804533,-0.1400,5.079
21.809560,-0.1400,4.971
21.814522,-0.1400,4.948
21.819541,-0.1400,5.087
21.824551,-0.1400,4.929
21.829507,-0.1400,4.979
21.834515,-0.1400,5.030
21.846008,-0.1400,17.955
21.857519,-0.1600,5.061
21.862535,-0.1600,4.966
21.867519,-0.1600,4.997
21.872521,-0.1600,5.005
21.877520,-0.1600,4.988
21.882517,-0.1600,5.003
21.887519,-0.1600,4.997
21.892524,-0.1800,5.011
21.897527,-0.1800,4.992
21.902521,-0.1800,4.991
21.907530,-0.1800,5.023
21.912532,-0.1800,4.975
21.917518,-0.1800,4.993
21.922511,-0.1800,4.990
21.927523,-0.1800,4.997
21.939020,-0.1800,17.992
21.950518,-0.1800,4.999
21.955521,-0.1800,5.003
21.960522,-0.2000,4.995
21.965486,-0.1800,4.927
21.970476,-0.1800,5.048
21.975495,-0.1800,4.985
21.980465,-0.2000,4.946
21.985419,-0.2000,4.956
21.990416,-0.2000,5.034
21.995420,-0.2000,4.969
22.000421,-0.2000,5.027
22.005436,-0.2000,4.998
22.010418,-0.2000,4.961
22.015420,-0.1800,5.039
22.020420,-0.1800,4.955
22.025429,-0.1600,5.018
22.036911,-0.1600,17.942
22.048367,-0.1600,4.965
22.053363,-0.1600,5.024
22.058391,-0.1600,4.987
22.063391,-0.1600,4.969
22.068417,-0.1600,5.078
22.073435,-0.1600,4.952
22.078396,-0.1400,4.969
22.083381,-0.1400,4.996
22.088383,-0.1400,5.003
22.093369,-0.1400,4.966
22.098371,-0.1400,5.032
22.103387,-0.1400,4.997
22.108389,-0.1400,5.002
22.113389,-0.1400,4.995
22.118387,-0.1200,4.997
22.129360,-0.1400,16.947
22.140332,-0.1200,4.992
22.145328,-0.1400,4.995
22.150357,-0.1200,5.059
22.155388,-0.1200,5.001
22.160352,-0.1200,4.924
22.165319,-0.1000,5.004
22.170310,-0.1000,4.975
22.175325,-0.1200,5.050
22.180343,-0.1200,4.981
22.185337,-0.1000,5.004
22.190344,-0.1200,5.008
22.195846,-0.1200,5.990
22.201336,-0.1000,4.985
22.206331,-0.1000,4.995
22.211312,-0.1000,4.965
22.222303,-0.1000,17.013
22.233315,-0.1000,4.972
22.238312,-0.1000,5.019
22.243320,-0.1000,4.996
22.248293,-0.1000,4.944
22.253269,-0.1000,5.003
22.258291,-0.1200,5.037
22.263307,-0.1200,4.989
22.268292,-0.1200,4.977
22.273253,-0.1400,4.942
22.278237,-0.1400,5.022
22.283252,-0.1400,5.002
22.288239,-0.1400,4.970
22.293258,-0.1400,5.063
22.298264,-0.1400,4.942
22.303243,-0.1400,5.013
22.314714,-0.1400,17.926
22.326185,-0.1200,5.010
22.331217,-0.1400,5.007
22.336223,-0.1400,5.000
22.341217,-0.1400,4.987
22.346239,-0.1400,5.016
22.351221,-0.1400,4.946
22.356181,-0.1400,4.968
22.361183,-0.1400,5.034
22.366204,-0.1400,5.004
22.371209,-0.1400,5.001
22.376192,-0.1600,4.961
22.381205,-0.1600,5.022
22.386202,-0.1600,4.929
22.391155,-0.1600,4.974
22.396175,-0.1600,5.020
22.401179,-0.1600,4.984
22.412181,-0.1600,16.988
22.423177,-0.1600,4.996
22.428160,-0.1600,4.966
22.433149,-0.1600,5.010
22.438183,-0.1400,5.014
22.443212,-0.1400,5.040
22.448199,-0.1400,4.929
22.453164,-0.1400,4.997
22.458654,-0.1400,5.980
22.464153,-0.1400,5.014
22.469161,-0.1400,4.998
22.474134,-0.1200,4.942
22.479122,-0.1200,5.032
22.484140,-0.1200,4.998
22.489133,-0.1400,4.980
22.494117,-0.1400,4.986
22.505097,-0.1400,16.967
22.516103,-0.1400,5.040
22.521117,-0.1400,4.983
22.526095,-0.1400,4.969
22.531078,-0.1400,4.992
22.536076,-0.1400,4.999
22.541065,-0.1200,4.977
22.546078,-0.1400,5.042
22.551091,-0.1400,4.976
22.556068,-0.1200,4.974
22.561051,-0.1000,4.987
22.566040,-0.1000,4.985
22.571051,-0.1000,5.032
22.576061,-0.1000,4.982
22.581047,-0.1000,4.983
22.586030,-0.1000,4.979
22.597520,-0.1000,17.993
22.609020,-0.1000,5.001
22.614023,-0.1200,4.992
22.619006,-0.1200,4.971
22.623989,-0.1200,4.989
22.629009,-0.1200,5.044
22.634033,-0.1200,5.000
22.639025,-0.1200,4.978
22.643995,-0.1200,4.960
22.648971,-0.1200,4.986
22.653973,-0.1200,5.013
22.658991,-0.1200,5.018
22.664002,-0.1200,4.998
22.668992,-0.1200,4.978
22.673980,-0.1000,4.996
22.678965,-0.1000,4.966
22.689965,-0.1000,17.030
22.700963,-0.1000,4.957
22.705951,-0.1000,5.011
22.710946,-0.1200,4.973
22.715932,-0.1200,4.991
22.720930,-0.1400,5.000
22.725938,-0.1400,5.001
22.731068,-0.1400,5.254
22.736071,-0.1400,4.744
22.740930,-0.1400,4.969
22.745927,-0.1400,5.021
22.750934,-0.1400,4.988
22.755905,-0.1400,4.949
22.760881,-0.1400,4.997
22.765880,-0.1600,4.992
22.770911,-0.1600,5.067
22.782415,-0.1600,17.937
22.793886,-0.1400,4.997
22.798884,-0.1400,4.993
22.803883,-0.1400,4.998
22.808882,-0.1600,4.997
22.813880,-0.1600,4.994
22.818879,-0.1600,4.998
22.823860,-0.1600,4.961
22.828850,-0.1600,5.012
22.833856,-0.1600,4.995
22.838867,-0.1600,5.026
22.843871,-0.1600,4.976
22.848875,-0.1600,5.027
22.853871,-0.1600,4.960
22.866720,-0.1800,20.733
22.885595,-0.1800,17.005
22.896708,-0.1600,5.212
22.901827,-0.1800,5.021
22.906823,-0.1800,4.966
22.911828,-0.1800,5.027
22.916839,-0.1800,4.990
22.921834,-0.1800,4.995
22.926827,-0.1800,4.989
22.931814,-0.2000,4.978
22.936803,-0.1800,4.998
22.941881,-0.1800,5.154
22.946867,-0.2000,4.808
22.951790,-0.1800,5.034
22.956805,-0.1800,4.992
22.961804,-0.1800,5.002
22.973299,-0.1800,17.980
22.984781,-0.1800,4.979
22.989794,-0.1800,5.004
22.994774,-0.1800,4.950
22.999733,-0.1800,4.964
23.004735,-0.1800,5.036
23.009749,-0.1800,4.989
23.014761,-0.1800,5.029
23.019753,-0.1800,4.951
23.024717,-0.1800,4.974
23.029707,-0.1600,5.001
23.034710,-0.1800,5.001
23.039715,-0.1600,4.999
23.044714,-0.1600,4.995
23.049713,-0.1600,5.000
23.054714,-0.1600,4.996
23.066225,-0.1600,18.022
23.077732,-0.1600,4.986
23.082707,-0.1600,4.954
23.087705,-0.1600,5.037
23.092757,-0.1600,5.063
23.097731,-0.1600,4.878
23.102670,-0.1600,4.993
23.107665,-0.1600,4.994
23.112677,-0.1400,5.023
23.117690,-0.1600,4.998
23.122696,-0.1600,5.011
23.127697,-0.1600,4.986
23.132682,-0.1600,4.980
23.137663,-0.1600,4.975
23.142656,-0.1400,5.006
23.147657,-0.1600,4.992
23.159154,-0.1600,18.001
23.170680,-0.1400,5.046
23.175667,-0.1600,4.923
23.180629,-0.1400,4.994
23.185627,-0.1400,5.001
23.190620,-0.1600,4.982
23.195653,-0.1600,5.077
23.200671,-0.1600,4.921
23.205649,-0.1600,5.031
23.210663,-0.1600,4.994
23.215661,-0.1600,4.996
23.220645,-0.1600,4.970
23.225622,-0.1600,4.979
23.230625,-0.1800,5.014
23.235618,-0.1600,4.969
23.240593,-0.1600,4.977
23.251594,-0.1600,17.020
23.262621,-0.1600,5.030
23.267620,-0.1600,4.963
23.272601,-0.1600,4.995
23.278106,-0.1600,6.012
23.283606,-0.1600,4.975
23.288588,-0.1600,4.982
23.293578,-0.1600,4.993
23.298572,-0.1600,4.990
23.303597,-0.1600,5.050
23.308590,-0.1600,4.933
23.313556,-0.1600,4.993
23.318558,-0.1600,5.006
23.323559,-0.1600,4.990
23.328543,-0.1600,4.975
23.333538,-0.1600,5.001
23.338578,-0.1600,4.975
23.349569,-0.1600,16.963
23.360555,-0.1600,5.002
23.365572,-0.1600,5.027
23.370558,-0.1600,4.941
23.375528,-0.1600,4.994
23.380527,-0.1600,5.002
23.385532,-0.1600,5.002
23.390535,-0.1600,5.004
23.396033,-0.1600,5.988
23.401516,-0.1600,4.976
23.406527,-0.1400,5.042
23.411552,-0.1400,5.003
23.416538,-0.1400,4.964
23.421525,-0.1600,5.007
23.426500,-0.1600,4.939
23.431498,-0.1400,5.051
23.448015,-0.1400,27.978
23.464505,-0.1600,4.996
23.469993,-0.1600,5.976
23.475489,-0.1400,5.014
23.480500,-0.1400,5.004
23.485514,-0.1400,4.983
23.490511,-0.1400,4.967
23.495500,-0.1400,5.003
23.500526,-0.1400,5.045
23.505541,-0.1400,4.983
23.510516,-0.1400,4.963
23.515496,-0.1400,4.992
23.520495,-0.1400,5.000
23.525485,-0.1400,4.972
23.536447,-0.1400,16.947
23.547426,-0.1600,4.963
23.552407,-0.1600,4.993
23.557402,-0.1600,4.990
23.562410,-0.1400,5.019
23.567414,-0.1400,4.985
23.572394,-0.1400,4.970
23.577381,-0.1400,4.998
23.582399,-0.1400,5.034
23.587429,-0.1400,5.019
23.592425,-0.1400,4.967
23.597897,-0.1400,5.970
23.603379,-0.1400,4.991
23.608368,-0.1400,4.985
23.613389,-0.1600,5.050
23.618416,-0.1600,4.996
23.629395,-0.1600,16.958
23.640449,-0.1600,5.145
23.645456,-0.1600,4.862
23.650387,-0.1600,4.995
23.655382,-0.1800,4.990
23.660374,-0.1800,4.990
23.665364,-0.1800,4.976
23.670348,-0.1800,4.988
23.675346,-0.1800,5.004
23.680334,-0.1800,4.966
23.685311,-0.1800,4.983
23.690337,-0.1800,5.063
23.695353,-0.1800,4.959
23.700304,-0.1600,4.939
23.705291,-0.1600,5.028
23.710849,-0.1800,6.086
23.722374,-0.1600,16.955
23.733325,-0.1600,4.942
23.738301,-0.1600,4.963
23.743316,-0.1600,5.063
23.748332,-0.1600,4.961
23.753311,-0.1600,4.991
23.758310,-0.1600,5.003
23.763307,-0.1600,4.986
23.768278,-0.1400,4.949
23.773279,-0.1400,5.049
23.778272,-0.1600,4.934
23.783261,-0.1600,5.036
23.788261,-0.1600,4.963
23.793263,-0.1400,5.037
23.798254,-0.1400,4.937
23.803248,-0.1400,5.048
23.814764,-0.1400,17.979
23.826262,-0.1600,5.005
23.831259,-0.1600,4.984
23.836270,-0.1600,5.033
23.841276,-0.1400,4.976
23.846265,-0.1400,4.997
23.851266,-0.1600,5.003
23.856247,-0.1400,4.956
23.861244,-0.1600,5.031
23.866260,-0.1400,4.999
23.871245,-0.1600,4.967
23.876214,-0.1600,4.966
23.881220,-0.1600,5.039
23.886214,-0.1600,4.945
23.891207,-0.1600,5.036
23.896207,-0.1600,4.956
23.907680,-0.1600,17.986
23.919161,-0.1600,4.971
23.924161,-0.1800,5.022
23.929164,-0.1800,4.979
23.934154,-0.1800,4.992
23.939156,-0.1800,5.003
23.944155,-0.1800,4.991
23.949161,-0.1800,5.006
23.954147,-0.2000,4.957
23.959147,-0.1800,5.037
23.964146,-0.1800,4.956
23.969140,-0.1800,5.024
23.974146,-0.2000,4.985
23.979145,-0.1800,5.006
23.984157,-0.1800,5.007
23.989148,-0.1800,4.970
23.994131,-0.1800,4.993
24.005617,-0.1600,17.974
24.017126,-0.1600,5.039
24.022120,-0.1600,4.945
24.027116,-0.1600,5.040
24.032130,-0.1600,4.947
24.037104,-0.1800,4.992
24.042152,-0.1600,5.097
24.047180,-0.1600,4.918
24.052114,-0.1600,4.948
24.057119,-0.1600,5.057
24.062154,-0.1600,5.004
24.067153,-0.1600,4.988
24.072130,-0.1600,4.965
24.077125,-0.1600,5.020
24.082126,-0.1600,4.976
24.087100,-0.1600,4.971
24.098091,-0.1600,17.002
24.109087,-0.1400,4.986
24.114598,-0.1400,6.029
24.120091,-0.1400,4.953
24.125066,-0.1600,4.994
24.130071,-0.1600,5.011
24.135052,-0.1600,4.947
24.140028,-0.1400,5.000
24.145039,-0.1600,5.017
24.150047,-0.1400,4.996
24.155050,-0.1400,5.006
24.160034,-0.1400,4.957
24.165014,-0.1400,4.998
24.170050,-0.1400,5.070
24.175073,-0.1400,4.936
24.180027,-0.1400,4.960
24.191026,-0.1400,17.031
24.202023,-0.1400,4.958
24.207030,-0.1400,5.051
24.212021,-0.1400,4.903
24.216976,-0.1400,5.001
24.221979,-0.1400,5.001
24.226981,-0.1400,4.991
24.231977,-0.1400,4.996
24.236975,-0.1400,4.996
24.241989,-0.1400,5.028
24.246993,-0.1400,4.974
24.251974,-0.1400,4.983
24.257486,-0.1400,6.037
24.262979,-0.1400,4.941
24.267950,-0.1400,4.996
24.272973,-0.1400,5.045
24.284005,-0.1600,17.015
24.295006,-0.1600,4.949
24.299966,-0.1600,4.965
24.304962,-0.1600,5.023
24.309967,-0.1600,4.981
24.314973,-0.1400,5.027
24.319987,-0.1600,4.996
24.324958,-0.1600,4.940
24.329948,-0.1600,5.033
24.334967,-0.1600,5.000
24.339964,-0.1600,4.994
24.344973,-0.1600,5.020
24.349978,-0.1600,4.984
24.354952,-0.1600,4.962
24.359942,-0.1600,5.013
24.364929,-0.1600,4.958
24.376411,-0.1600,18.001
24.387923,-0.1600,5.017
24.392896,-0.1600,4.923
24.397862,-0.1600,5.004
24.402889,-0.1600,5.035
24.407916,-0.1600,5.013
24.412923,-0.1600,4.984
24.417905,-0.1800,4.974
24.422893,-0.1800,4.999
24.427874,-0.1800,4.960
24.432861,-0.1600,5.006
24.437864,-0.1600,4.996
24.442846,-0.1600,4.962
24.447845,-0.1600,5.031
24.452864,-0.1600,5.003
24.457851,-0.1600,4.969
24.462847,-0.1600,5.018
24.474315,-0.1600,17.913
24.485775,-0.1400,5.000
24.490835,-0.1600,5.076
24.495843,-0.1600,4.931
24.500840,-0.1600,5.059
24.505842,-0.1600,4.894
24.510792,-0.1600,4.961
24.515779,-0.1600,5.009
24.520784,-0.1600,4.992
24.525775,-0.1600,4.985
24.530835,-0.1600,5.128
24.535859,-0.1600,4.885
24.540800,-0.1600,4.992
24.545786,-0.1400,4.976
24.550770,-0.1600,4.984
24.555758,-0.1600,4.986
24.567269,-0.1600,18.033
24.578783,-0.1600,4.985
24.583764,-0.1600,4.971
24.588754,-0.1600,5.005
24.593754,-0.1600,4.990
24.598753,-0.1600,5.001
24.603753,-0.1600,4.993
24.608771,-0.1400,5.040
24.620308,-0.1400,17.995
24.637813,-0.1600,17.005
24.648996,-0.1600,5.342
24.660462,-0.1600,17.582
24.671756,-0.1600,5.001
24.676737,-0.1600,4.955
24.681736,-0.1600,5.038
24.686726,-0.1600,4.937
24.691695,-0.1600,4.995
24.696687,-0.1600,4.982
24.701688,-0.1600,5.018
24.706710,-0.1600,5.022
24.711714,-0.1400,4.977
24.716717,-0.1400,5.022
24.721699,-0.1400,4.936
24.726688,-0.1400,5.036
24.731723,-0.1400,5.029
24.736710,-0.1200,4.938
24.741705,-0.1200,5.039
24.752705,-0.1200,16.954
24.763704,-0.1200,5.038
24.768697,-0.1400,4.943
24.773667,-0.1400,4.990
24.778667,-0.1400,5.003
24.783659,-0.1400,4.976
24.788663,-0.1400,5.025
24.794178,-0.1400,6.001
24.799685,-0.1400,5.001
24.804688,-0.1400,5.000
24.809690,-0.1400,5.004
24.814677,-0.1400,4.964
24.819660,-0.1400,4.997
24.824656,-0.1200,4.993
24.829645,-0.1400,4.976
24.834649,-0.1400,5.024
24.845639,-0.1400,16.953
24.856706,-0.1400,5.176
24.861724,-0.1400,4.854
24.866640,-0.1400,4.971
24.871628,-0.1400,5.000
24.876631,-0.1400,4.998
24.881635,-0.1400,5.006
24.886603,-0.1400,4.926
24.891591,-0.1400,5.043
24.896610,-0.1400,4.988
24.901599,-0.1600,4.985
24.906601,-0.1600,5.011
24.911590,-0.1600,4.958
24.916611,-0.1600,5.080
24.921605,-0.1600,4.901
24.926568,-0.1600,5.019
24.931657,-0.1600,5.153
24.943150,-0.1400,17.828
24.954573,-0.1400,5.009
24.959559,-0.1400,4.957
24.964538,-0.1600,4.995
24.969538,-0.1600,4.999
24.974532,-0.1400,4.984
24.979543,-0.1400,5.026
24.984542,-0.1600,4.963
24.989525,-0.1400,4.997
